BRAND & NAME,Quick Access Pocket (#),Additional Notes,Bag Style Opening,Compression Straps,Depth (inches),Expandable,Expandable Volume,Handles,Height (inches),LINKS,Laptop Access,Lash Points (outside),Load Lifters,Luggage Pass Through / Trolley Sleeve,Material,Max. Laptop Size (in),Org Slots/Pockets,Origin of Company,Packable,Picture,Price (USD),QAP Location,Sternum Strap,Type,Volume (liters),WBP Location,Warranty,Water Bottle Pockets (#),Weight (lbs),Width (inches)
5.11 Rush 12 2.0,2,"External front and side molle.
Waist strap sold separately.",Clamshell,2,6.5,No,No,1,18,https://www.511tactical.com/rush12-2-0-backpack.html&sa=D&source=editors&ust=1740763375907952&usg=AOvVaw0yMNy0PJm3cGjXT2gac4ga,Internal sleeve,4,No,No,1050D Nylon MultiCam 1000D Nylon,15,No,USA,No,https://4elementsclothing.co.uk/cdn/shop/products/511-tactical511-tactical-511-tactical-rush-12-20-backpack-with-laptop-compartment-style-56561bag56561-019-421496.jpg?v=1706925240&width=1536,110,front & side,Yes,Backpack,24,No,2 years,0,3.2,11
5.11 Tactical RUSH 24 2.0,3,MOLLE platform throughout; CCW pocket; rear hydration compartment; back panel ventilation channels,Clamshell,2,8,No,,1,20,https://www.511tactical.com/rush24-2-0-backpack.html,Internal sleeve,>10,No,No,1050D Nylon,16,Yes,USA,No,"https://www.511tactical.com/media/catalog/product/5/6/56563abr_560_02.jpg?quality=100&bg-color=255,255,255&fit=bounds&height=855&width=855",140,front & top,Yes,Backpack,37,No,2 years,0,3.85,12.5
5.11 Tactical RUSH 72 2.0,2,MOLLE platform; CCW pocket; hydration compartment; waist strap; aluminum stay bar reinforced back panel; 3-day/extended range pack,Clamshell,no,8.5,No,,1,23,https://www.511tactical.com/rush72-2-0-backpack.html,Internal sleeve,>10,No,No,1050D Nylon,15,Yes,USA,No,"https://www.511tactical.com/media/catalog/product/5/6/56565_134_rush72-2point0_01_2.jpg?quality=100&bg-color=255,255,255&fit=bounds&height=855&width=855",190,front & top,Yes,Backpack,55,No,2 years,0,5.29,13.5
Able Carry Daily Backpack,1,".5 hidden cash pocket
diagnoal front pocket",Half Zip,no,7.5,No,No,1,19,https://ablecarry.com/products/daily-backpack?variant%3D31828597047409&sa=D&source=editors&ust=1740763375909795&usg=AOvVaw1jgNpO-TVYADLjWMHufC3j,Internal sleeve,4,No,No,Nylon 1000D or X-PAC VX21,16,Yes,Hongkong,No,https://ablecarry.com/cdn/shop/products/Daily-Backpack-Cordura-NavyRight_900x.png?v=1695971609,160,top,Yes,Backpack,20,front,Lifetime,1,2,11
Able Carry Daily Plus,1,Hidden water-bottle pocket.,Half Zip,no,7.5,No,No,1,19.5,https://ablecarry.com/products/daily-plus?variant%3D49465862226232&sa=D&source=editors&ust=1740763375911407&usg=AOvVaw3Ettf0kzlfXKFs034TbHWt,Internal sleeve,>10,No,No,X-PAC VX21 or Cordura,16,Yes,Hongkong,No,https://suburban.com.hk/cdn/shop/files/DailyPlusX-PacCoyoteBrown_Right_1100x_5985f799-4af9-486e-a6cb-86e58da841d2.png?v=1713772162,179,top,Yes,Backpack,21,Side,Lifetime,1,2.6,11.5
Able Carry Daybreaker 2,1,,Half Zip,no,7.5,No,No,2,19.7,https://ablecarry.com/products/daybreaker-2?variant=44113323229496,Internal sleeve,>10,No,No,Ripstop or X-PAC,15,No,Hongkong,No,https://www.feverguy.com/cdn/shop/products/Daybreaker2-X-PacOliveGreen-2.png?v=1681830216,139,side,Yes,Backpack,25,Side,Lifetime,1,1.4,10.2
Able Carry Max EDC,1,"Card slot in strap.
Waist belt separate.
Removable framesheet.",Clamshell,no,7.5,No,No,3,19.5,https://ablecarry.com/products/max-edc?variant%3D49140367753528&sa=D&source=editors&ust=1740763375912993&usg=AOvVaw2qI-K6N0CVsXllOavVnEmq,External compartment,>10,No,No,Ripstop or X-PAC,17,No,Hongkong,No,https://www.mukama.com/cdn/shop/files/blue.jpg?v=1727755924&width=1214,280,top,Yes,Backpack,26,Side,Lifetime,1,3.4,12
Able Carry Max EDC 30L,1,"Card slot in strap.
Waist belt separate.
Removable framesheet.",Clamshell,no,7.9,No,No,3,20.4,https://ablecarry.com/products/max-edc?variant%3D49140367753528&sa=D&source=editors&ust=1740763375912993&usg=AOvVaw2qI-K6N0CVsXllOavVnEmq,External compartment,>10,No,No,Ripstop or X-PAC,17,No,Hongkong,No,https://ablecarry.com/cdn/shop/products/EarthGreenRight_1100x.png?v=1718895055,334,top,Yes,Backpack,30,Side,Lifetime,1,3.9,12.6
Able Carry Max EDC 32L,1,"Card slot in strap.
Waist belt separate.
Removable framesheet.",Clamshell,no,8.7,Yes,32,3,20.4,https://ablecarry.com/products/max-edc?variant%3D49140367753528&sa=D&source=editors&ust=1740763375912993&usg=AOvVaw2qI-K6N0CVsXllOavVnEmq,External compartment,>10,No,No,Ripstop or X-PAC,17,No,Hongkong,No,https://ablecarry.com/cdn/shop/files/MaxBackpack32LRipstopBlack-Left_1680x.png?v=1747390701,336,top,Yes,Backpack,32,Side,Lifetime,1,3.9,12.6
Able Carry Max Pack,1,Lockable zips,Clamshell,no,8,No,No,1,20.5,https://ablecarry.com/products/max?variant%3D32104084078705&sa=D&source=editors&ust=1740763375914775&usg=AOvVaw3-SRX386FW_82-RGyjgSzm,External compartment,no,No,No,X-PAC and Cordura 1000D Nylon,17,Yes,Hongkong,No,https://ablecarry.com/cdn/shop/products/EarthGreenRight.png?v=1718895055,278,top,Yes,Backpack,30,Side,Lifetime,1,3.7,12.5
Able Carry Stash Pouch,1,"Designed to keep pens, toiletries, and loose knick-knacks in check. Matches backpack fabrics.",,,2.36,,,0,4.33,https://ablecarry.com/products/stash-pouch-cordura-black,,,,,Cordura Re or Cor or X-PAC or Ripstop,,,Hongkong,,https://ablecarry.com/cdn/shop/files/StashPouch_X-PacCoyoteBrown_1.png?v=1760002862&width=3840,23,,,Pouch,,,Lifetime,,0.08,7.87
Able Carry Thirteen Daybag,1,Hidden pocket on strap and rear.,Half Zip,no,6.5,No,No,1,17.5,https://ablecarry.com/products/thirteen-daybag?variant%3D47332905648440&sa=D&source=editors&ust=1740763375916356&usg=AOvVaw2d2b6-VgKudN27vQZaMqE0,Internal sleeve,no,No,No,X-PAC,14,Yes,Hongkong,No,https://suburban.com.hk/cdn/shop/files/ThirteenDaybagCorduraRipstopTan-Right.png?v=1713853827,178,front,Yes,Backpack,13,Side,Lifetime,1,1.4,10.5
AER City Pack 2,2,,Clamshell,no,5.5,No,No,3,18,https://aersf.com/collections/city-collection/products/city-pack-2?country=US,Internal sleeve,4,No,Yes,1680D Cordura Ballistic Nylon,16,Yes,USA,No,https://aersf.com/cdn/shop/products/aer_citypackpro_olive.jpg?v=1678853911,149,top & front,Yes,Backpack,16,Side,Lifetime,1,2.5,12
Aer City Pack 2 - Ultra,2,,Clamshell,no,5.5,No,No,3,18,https://aersf.com/collections/city-collection/products/city-pack-2-ultra?country=US,Internal sleeve,4,No,Yes,Ultra400X,16,Yes,USA,No,https://cld.accentuate.io/55116116197755/1740757178178/AER91053_citypackpro2_ultra_34hero.png?v=1740757178178&options=w_1728,199,top & front,Yes,Backpack,16,Side,Lifetime,1,2.1,12
Aer City Pack 2 - X-PAC,2,,Clamshell,no,5.5,No,No,3,18,https://aersf.com/collections/city-collection/products/city-pack-2-x-pac?country=US,Internal sleeve,4,No,Yes,X-PAC VX-42,16,Yes,USA,No,https://cld.accentuate.io/55116120195451/1740757350933/AER29059_citypack2_xpac_34hero.png?v=1740757350934&options=w_1728,179,top & front,Yes,Backpack,16,Side,Lifetime,1,2.3,12
Aer City Pack Pro 2,2,,Clamshell,no,7,No,No,3,18,https://aersf.com/collections/city-collection/products/city-pack-pro-2?country=US,External compartment,6,No,Yes,1680D Cordura Ballistic Nylon or X-PAC,16,Yes,USA,No,https://cld.accentuate.io/55116095291771/1740753541480/AER21060_citypackpro2_black_34hero.png?v=1740753541480&options=w_1728,209,top & side,Yes,Backpack,24,Side,Lifetime,2,2.9,12.5
Aer City Pack Pro 2 - ULTRA,2,,Clamshell,no,7,No,No,3,18,https://aersf.com/collections/city-collection/products/city-pack-pro-2-ultra?country=US,External compartment,6,No,Yes,Ultra400X,16,Yes,USA,No,https://cld.accentuate.io/55116116197755/1740757178178/AER91053_citypackpro2_ultra_34hero.png?v=1740757178178&options=w_1728,259,top & side,Yes,Backpack,24,Side,Lifetime,2,2.6,12.5
Aer City Pack Pro 2 - X-PAC,2,,Clamshell,no,7,No,No,3,18,https://aersf.com/collections/city-collection/products/city-pack-pro-2-x-pac?country=US,External compartment,6,No,Yes,X-PAC VX-42,16,Yes,USA,No,https://cld.accentuate.io/55116122489211/1740757034641/AER29060_citypackpro2_xpac_34hero.png?v=1740757034641&options=w_1728,239,top & side,Yes,Backpack,24,Side,Lifetime,2,2.7,12.5
Aer City Pack Pro 2 20L,2,Removable keychain,Clamshell,No,7,No,No,2,17.5,https://aersf.com/products/city-pack-pro-2-20l,External compartment,1,No,Yes,1680D Cordura Nylon,16,Yes,USA,No,https://cld.accentuate.io/42596331585632/1774548736764/AER21063_1_citypackpro220l_black_34hero.jpg?v=1774904760398&options=w_900,199,Top & Front,Yes,Backpack,20,Side,Lifetime,2,2.73,12
AER City Sling 2,2,Stowaway sling strap with Fidlock® magnetic fastener,,no,3.5,No,No,1,4.75,https://aersf.com/collections/city-collection/products/city-pack-2?country=US,Not dedicated,2,No,No,1680D Cordura Ballistic Nylon,No,Yes,USA,No,https://cld.accentuate.io/47965543498009/1708450279701/AER21031_citysling2_black_34hero.png?v=1708450279702&options=w_720,89,front & back,No,Sling,2.5,No,Lifetime,0,0.88,13
AER City Sling 3,2,,,no,3,No,No,1,5,https://aersf.com/collections/city-collection/products/city-pack-2?country=US,Not dedicated,2,No,No,1680D Cordura Ballistic Nylon,No,Yes,USA,No,https://cld.accentuate.io/55116127863163/1740756272448/AER21061_citysling3_black_34hero.png?v=1740756272449&options=w_720,89,front & back,No,Sling,2,No,Lifetime,0,0.8,13
Aer Day Pack 3,1,Structured standing design; hidden smart tracker pocket; water-resistant main zipper; suspended laptop pocket; bluesign approved materials; recycled nylon lining;,Toploader,no,5.5,No,,2,17.25,https://aersf.com/products/day-pack-3,Internal sleeve,no,No,Yes,1680D Cordura Ballistic Nylon or 840D Nylon,16,Yes,USA,No,https://cld.accentuate.io/40296782757984/1708907030144/1-AER31014_daypack3_34hero.jpg?v=1708907030144&options=w_900,159,top,No,Backpack,14,Side,Lifetime,1,2.8,12
AER Day Sling 3,2,,,no,3,No,No,,6,https://aersf.com/collections/city-collection/products/city-pack-2?country=US,Not dedicated,3,No,No,1680D Cordura Ballistic Nylon,No,Yes,USA,No,https://cld.accentuate.io/47965567910169/1708533931670/AER21026_daysling3_black_34hero.png?v=1708533931670&options=w_720,79,front & back,No,Sling,3,No,Lifetime,0,0.8,11.5
AER Day Sling 3 Max,2,,,no,3.5,No,No,,9,https://aersf.com/collections/city-collection/products/city-pack-2?country=US,Internal sleeve,4,No,No,X-PAC VX-42,11,Yes,USA,No,https://aersf.co.uk/cdn/shop/files/AER29038_daysling3max_xpac_34hero_900x.jpg?v=1698160500,119,front & back,No,Sling,6,No,Lifetime,0,1,12
Aer Flight Pack 3,1,"Can shoulder carry, and hide backpack straps
Lockable zippers",Half Zip,no,5.5,No,No,2,18,https://aersf.com/collections/backpacks/products/flight-pack&sa=D&source=editors&ust=1740763375926931&usg=AOvVaw2xIc4cOrVpYYsYdqBtx0NL,Internal sleeve,no,No,Yes,1680D Cordura Ballistic Nylon,16,Yes,USA,No,https://cld.accentuate.io/47429091066137/1709831016877/AER21037_flightpack3_black_34hero.png?v=1709831016877&options=w_1728,180,top,No,Backpack,20,Side,Lifetime,1,3.4,12
AER Go Pack 2,1,"Designed to pack flat inside luggage or carry-on backpacks
Front mesh stash pocket",Half Zip,no,5.5,No,No,1,17,https://www.aersf.com/go-pack-2-black&sa=D&source=editors&ust=1740763375928771&usg=AOvVaw133VEiD6gNyv91wqItl_6t,Internal sleeve,no,No,No,210D Cordura crinkle Nylon,16,No,USA,Yes,https://cld.accentuate.io/47965648879897/1708621606729/AER21042_gopack2_black_34hero.png?v=1708621606730&options=w_1728,100,top,No,Backpack,20,Side,Lifetime,2,1.3,11
AER Go Sling 2,0,,,no,2,No,No,1,5,https://aersf.com/collections/city-collection/products/city-pack-2?country=US,Not dedicated,1,No,No,210D Cordura crinkle Nylon,No,Yes,USA,Yes,https://cld.accentuate.io/47965664379161/1708699335495/AER21044_gosling2_black_34hero.png?v=1708699335495&options=w_720,69,No,No,Sling,2.4,No,Lifetime,0,0.3,9.5
Aer Pro Pack 20L,1,,Clamshell,no,5.5,No,No,4,17.5,https://aersf.com/collections/pro-collection/products/pro-pack-20l?variant%3D39641632374880%26country%3DUS&sa=D&source=editors&ust=1740763375930423&usg=AOvVaw3tjmRbdRH8MnKQMz7C2a87,External compartment,no,No,No,840D Cordura re or cor Nylon (Recycled),16,Yes,USA,No,https://images.squarespace-cdn.com/content/v1/5362a66ee4b05f0813543305/1678486016926-15XBA14622NW1ZSCOT22/AER65001_propack20l_olive_34hero.jpg?format=1000w,180,top,Yes,Backpack,20,Side,Lifetime,2,2.4,12
Aer Pro Pack 24L,1,,Clamshell,no,7.5,No,No,4,18.5,https://aersf.com/collections/pro-collection/products/pro-pack-24l?country%3DUS&sa=D&source=editors&ust=1740763375931918&usg=AOvVaw0S3P_wznVSSGADmUJ3QqEm,External compartment,no,No,No,840D Cordura re or cor Nylon (Recycled),16,Yes,USA,No,https://cld.accentuate.io/39611783118944/1677704568915/AER61002_propack24l_black_34hero.jpg?v=1677704568915&options=w_900,200,top,Yes,Backpack,24,Side,Lifetime,2,2.8,12.5
AER Pro Sling,1,Reversible quick-adjust shoulder strap for left or right shoulder use,,no,3.5,No,No,1,7,https://aersf.com/collections/city-collection/products/city-pack-2?country=US,Internal sleeve,2,No,No,840D Cordura re or cor Nylon (Recycled),8,Yes,USA,No,https://cld.accentuate.io/47429128454425/1709828852395/AER61003_prosling_black_34hero.png?v=1709828852395&options=w_720,79,back,No,Sling,4.5,No,Lifetime,0,0.66,11.5
AER Street Sling,2,,,no,3,No,No,1,5.5,https://aersf.com/collections/city-collection/products/city-pack-2?country=US,Not dedicated,2,No,No,1680D Cordura Ballistic Nylon,No,Yes,USA,No,https://cld.accentuate.io/55503944712571/1749465280853/AER21075_streetsling_black_front.png?v=1749465280854&options=w_720,69,front & back,No,Sling,2.4,No,Lifetime,0,0.6,8
Aer Tech Pack 3,1,Structured standing design; hidden smart tracker pocket; water-resistant laptop compartment zipper; quick-access laptop pocket separate from main compartment; bluesign approved materials; recycled nylon lining,Toploader,no,7,No,,2,18,https://aersf.com/products/tech-pack-3,External compartment,no,No,Yes,1680D Cordura Ballistic Nylon or 840D Nylon,16,Yes,USA,No,https://cld.accentuate.io/40296834596960/1708705896546/1-AER31015_techpack3_34hero.jpg?v=1708705896546&options=w_900,219,top,No,Backpack,16,Side,Lifetime,1,3.2,12.25
Aer Tech Pack 3 X-Pac,1,,Half Zip,4,7,No,No,3,18,https://aersf.com/collections/backpacks/products/tech-pack-3-x-pac&sa=D&source=editors&ust=1740763375935136&usg=AOvVaw2QABtHxqhz9XVACXgNglLV,External compartment,no,No,No,X-PAC VX-42 also in 1680D Cordura Ballistic nylo,16,Yes,USA,No,https://aersf.co.uk/cdn/shop/files/1AER31015_techpack3_34hero_1200x.png?v=1710413684,250,top,Yes,Backpack,16,Side,Lifetime,1,3,12
AER Tech Sling 3,1,,,no,4,No,No,1,10.25,https://aersf.com/collections/city-collection/products/city-pack-2?country=US,Internal sleeve,no,No,No,1680D Cordura Ballistic Nylon,14,Yes,USA,No,https://aersf.co.uk/cdn/shop/files/1AER31017_techsling3_34hero_720x.png?v=1710413802,119,back,No,Sling,9,No,Lifetime,0,1.3,15
Aer Travel Pack 3 Small,2,Lockable zippers,Clamshell,4,7.5,No,No,3,19,https://aersf.com/collections/travel-collection/products/travel-pack-3-small&sa=D&source=editors&ust=1740763375938696&usg=AOvVaw3JmNxYuPazbTIfwijdXfY5,External compartment,1,Yes,Yes,700D Cordura,16,Yes,USA,No,https://cld.accentuate.io/47429148082457/1709833240650/AER21032_travelpack3_black_34hero.png?v=1709833240651&options=w_1728,230,top & side,Yes,Backpack,28,Side,Lifetime,1,3.6,13
Aer Travel Pack 3 X-Pac,2,"Hip belt sold separately
Lockable zippers",Clamshell,4,8.5,No,No,3,21.5,https://www.aersf.com/travel-pack-3-black&sa=D&source=editors&ust=1740763375940432&usg=AOvVaw2xRjD290nZCK0VgjuHrnB5,External compartment,2,Yes,Yes,X-PAC VX-42 also in 1680D Cordura Ballistic Nylon,16,Yes,USA,No,https://aersf.co.uk/cdn/shop/files/AER29032_travelpack3_xpac_34hero_1200x.jpg?v=1699212951,250,top & side,Yes,Backpack,35,Side,Lifetime,1,3.9,13
AER Travel Sling 2,2,,,no,4.5,No,No,1,11,https://aersf.com/collections/city-collection/products/city-pack-2?country=US,Internal sleeve,2,No,Yes,1680D Cordura Ballistic Nylon,16,Yes,USA,Yes,https://cld.accentuate.io/47965808754969/1709054869279/AER21013_travelsling2_black_34hero.png?v=1709054869279&options=w_720,119,front & back,No,Sling,12,No,Lifetime,0,2,16
Almond Oak Backpack 25L + 5L,2,,Clamshell,no,7,Yes,30,3,17,,External compartment,no,No,Yes,80D Nylon PU-Coated Water-Resistant or 100D Nylon,16,Yes,UK,No,https://almondoak.com/cdn/shop/files/DylanProduct-1.jpg?v=1741380349&width=1100,115,front & back,Yes,Backpack,25,Side,Not specified,1,1.77,13
ALPAKA Admin Pouch Pro,7,Quick-draw external access. Clamshell opening. HUB compatible.,,,1.2,,,0,4.5,https://alpakagear.com/products/admin-pouch-pro,,Yes,,,Axogrid 300D or X-PAC X42,,yes,Australia,,https://alpakagear.com/cdn/shop/files/AdminPouchProXpacX42Green_0002.jpg?v=1749622070&width=1000,45,,,Pouch,0.5,,Lifetime,,0.24,6.7
Alpaka Aero Pack 16L,3,,Half Zip,no,5.9,No,no,1,17.3,https://alpakagear.com/products/bravo-totepack,Internal sleeve,2,No,Yes,,16,Yes,Australia,No,https://alpakagear.com/cdn/shop/files/AeroBackpackAxoflux210DBlack_0001.jpg?v=1758081534&width=1000,109,front (2x) & back,No,Backpack,16,No,Lifetime,0,1.6,11.4
Alpaka Bravo Backpack 23L,2,,Half Zip,no,7.1,No,No,1,18.5,https://alpakagear.com/products/bravo-backpack-23l,Internal sleeve,1,No,Yes,X-PAC or Axoflux 600D Polyester (Recycled),16,Yes,Australia,No,https://alpakagear.com/cdn/shop/files/BRAVOBACKPACKWEBHERO.jpg?v=1739507460&width=1000,159,front & back,Yes,Backpack,23,Side,Lifetime,2,2.6,11.8
Alpaka Bravo Totepack,1,Lots of tech organisation. Straps can be stashed away/hidden,Half Zip,no,4,No,no,1,17.7,https://alpakagear.com/products/bravo-totepack,Internal sleeve,2,No,Yes,,16,Yes,Australia,No,https://alpakagear.com/cdn/shop/files/BRAVOTOTEPACKAXOBLUEHERO.jpg?v=1724407360&width=1000,139,front,No,Backpack,13,Side,Lifetime,1,2.2,12.5
Alpaka Elements Backpack Pro,1,Lockable zippers,Half Zip,no,7,No,No,1,19,https://alpakagear.com/products/elements-backpack-pro&sa=D&source=editors&ust=1740763375943792&usg=AOvVaw2wJ0t8OjEnMv7ekvspwL8N,Internal sleeve,no,No,No,X-PAC VX42 or Axoflux POLY 600D (Recycled),16,Yes,Australia,No,https://alpakagear.com/cdn/shop/files/ELEMENTS_BACKPACK_PRO_VX42_GREEN_HERO_NEW.jpg?v=1738054904&width=1000,170,top,Yes,Backpack,26,Side,Lifetime,2,2.9,12
Alpaka Elements Tech Brief Pro,1,tech brief/messenger that can be carried like backpack. Lots of tech organisation. Straps can be stashed away/hidden,Toploader,no,4.7,No,no,1,16.5,https://alpakagear.com/products/elements-tech-brief-pro,Internal sleeve,no,No,Yes,Axoflux POLY 600D (Recycled),16,Yes,Australia,No,https://www.mukama.com/cdn/shop/files/TECHBRIEFPROV2AXOFLUX600DGREEN.jpg?v=1725452502,139,front,No,Backpack,15,,Lifetime,0,3,12.2
ALPAKA HUB Pouch Pro,11,"HUB system compatible. 6 internal slip pockets, 5 stretch loops.",,,1,,,0,3.4,https://alpakagear.com/products/hub-pouch-pro,,Yes,,,X-PAC X42 or Axogrid 300D,,yes,Australia,,https://alpakagear.com/cdn/shop/files/HUBPOUCHPROAXOGRIDGREEN3.jpg?v=1754381084&width=1000,49,,,Pouch,0.5,,Lifetime,,0.14,4.9
Alpaka Metro Backpack,1,front compartment and overall bag has lots of tech organisation,Half Zip,no,6.1,No,no,1,16.5,https://alpakagear.com/products/metro-backpack,Internal sleeve,2,No,No,Axoflux POLY 300D (Recycled),14,Yes,Australia,No,https://alpakagear.com/cdn/shop/files/METRO_BACKPACK_AXOFLUX_GREY_WEBSELECT_12.jpg?v=1739410965&width=1000,95,front,No,Backpack,12,,Lifetime,0,1.8,9.8
Alpaka Metro Backpack Pro,1,"Axoflux version weighs 3.3lbs, front compartment and overall bag has lots of tech organisation. Has molle inside",Half Zip,no,7.9,No,no,1,18,https://alpakagear.com/products/metro-backpack-pro,External compartment,2,No,Yes,X-PAC or Axoflux 600D Polyester (Recycled),16,Yes,Australia,No,https://alpakagear.com/cdn/shop/files/METROBACKPACK24LAXOGREENSTOREPHOTO.jpg?v=1726208799&width=1000,229,front,Yes,Backpack,24,,Lifetime,0,2.9,11
ALPAKA Modular Shoulder Pocket Max,3,Wear across the shoulder or attach to belt/bag. Quick-draw back sleeve.,,,2,,,0,7.7,https://alpakagear.com/products/modular-shoulder-pocket-max,,Yes,,,Axoflux 400D,,yes,Australia,,https://alpakagear.com/cdn/shop/files/ModularShoulderPocketMaxAxoflux400DGreen_WashedNylon__0001.jpg?v=1763298519&width=1000,49,,,Pouch,1,,Lifetime,,0.38,3.9
Alpaka Travel Backpack,2,Lockable zippers,Clamshell,2,8,No,No,1,20.5,https://alpakagear.com/products/elements-travel-backpack,Internal sleeve,4,No,No,X-PAC VX42 or Axoflux POLY 600D (Recycled),16,Yes,Australia,No,https://alpakagear.com/cdn/shop/files/TRAVEL_BACKPACK_AXOFLUX_GREEN_14d786ae-5d91-4004-96f5-b1e1859b48ed.jpg?v=1739409894&width=1000,300,front & side,Yes,Backpack,35,Side,Lifetime,1,3.5,12
Alpaka Traverse,4,,Clamshell,no,7.1,No,no,2,18.5,https://alpakagear.com/products/metro-backpack,External compartment,6,No,Yes,Axoflux 400D Ripstop Nylon in Black or Green or Moonlight Blue,17,Yes,Australia,No,https://alpakagear.com/cdn/shop/files/TraverseBackpackAxoflux400DGreen_0001.jpg?v=1763610529&width=1000,199,top & front & side,Yes,Backpack,30,Side,Lifetime,1,3.3,11
ALPAKA Zip Pouch,2,RFID blocking material. Main compartment with an internal divider.,,,1,,,0,3.4,https://alpakagear.com/products/zip-pouch,,No,,,X-PAC VX21,,yes,Australia,,https://alpakagear.com/cdn/shop/files/ZIPPOUCHVX42GREEN.jpg?v=1747208257&width=1000,35,,,Pouch,0.15,,Lifetime,,0.09,5.1
Alpha One Niner (AON) Evade 1.5 Backpack,1,"Internal PALS web.
Removable compression straps.
Hip belt sold separately.",Clamshell,2,5.5,No,No,1,18.5,https://www.alphaoneniner.com/collections/bags-cases/products/alpha-one-niner-evade-1-5-backpack&sa=D&source=editors&ust=1740763375948871&usg=AOvVaw2WP7ke5Pw4j0zeu19LFz68,External compartment,>10,No,No,X-PAC X42 or 500D or 630D HD,16,Yes,USA,No,https://www.alphaoneniner.com/cdn/shop/files/AON-Evade15-Coyote_Brown-1000x1000-01_1800x1800.jpg?v=1702664737,255,front,Yes,Backpack,25,Side,5 years,2,3.4,12
Alpha One Niner (AON) Whitley Backpack,1,,Clamshell,no,6,No,No,1,18.5,https://www.alphaoneniner.com/products/whitley&sa=D&source=editors&ust=1740763375952363&usg=AOvVaw0MoKrbsXOxQq1ryPgEHyQL,External compartment,2,No,No,X-PAC X42 or 500D or 1050D Ballistic Nylon,16,Yes,USA,No,https://www.alphaoneniner.com/cdn/shop/files/IMG_0977_1800x1800.jpg?v=1725601858,200,front,Yes,Backpack,20,Side,5 years,2,2.6,11
Alpha One Niner Evade 1.0,2,Carryology award-winning; horizontal luggage pass-through; stretch 40oz side WBP; sealed laptop compartment accessed via top quick-access zipper; internal PALS row; adjustable back panel stiffness; Savannah lining on Ultra 400TX variant,Clamshell,no,5.5,No,,1,18.5,https://www.alphaoneniner.com/products/alpha-one-niner-evade-1-0-backpack,External compartment,no,No,Yes,X-PAC X42 or Ultra 400TX or 500D options,16,Yes,USA,No,https://www.alphaoneniner.com/cdn/shop/files/AON_Evade_1-0_X42OL_3-4_5bc7f514-fe22-44d6-b499-cce276d8fdb6_1800x1800.jpg?v=1767998143,239,front,Yes,Backpack,21,Side,5 years,2,3.38,12
Alpha One-Niner (AON) SERT Penumbra 2.0,2,,Clamshell,2,6,No,No,1,18,https://www.alphaoneniner.com/en-gb/products/sert-penumbra-2-0-backpack,External compartment,>10,Yes,No,1000D Cordura Nylon,15,No,USA,No,https://www.alphaoneniner.com/cdn/shop/files/SERT-PENUM-GY-01_1800x1800.jpg?v=1735436112,185,top & front,Yes,Backpack,21,Side,5 years,2,3.1,12
Arc'teryx Granville 16,1,,Clamshell,no,5,No,No,1,18.7,https://arcteryx.com/us/en/shop/granville-16-backpack-9624,Internal sleeve,1,No,No,400d Ripstop Nylon w F (Recycled),15,No,Canada,No,https://m.media-amazon.com/images/I/81R8PcjPDxL._AC_UY580_.jpg,200,top,Yes,Backpack,16,No,5 years,0,1.7,9.1
Arc'teryx Granville 25,1,,Toploader,no,5.5,No,No,1,19.2,https://arcteryx.com/us/en/shop/granville-25-backpack-9625,Internal sleeve,no,No,No,400d Ripstop Nylon w F (Recycled),15,No,Canada,No,https://www.bfgcdn.com/1500_1500_90/502-7049/arcteryx-granville-25-backpack-daypack.jpg,220,front,Yes,Backpack,25,No,5 years,0,1.9,13.4
Arc'teryx Mantis 16,1,,Half Zip,no,8.5,No,No,1,17.7,https://arcteryx.com/us/en/shop/mantis-16-backpack,Internal sleeve,2,No,No,Polyester (Recycled),16,No,Canada,No,https://www.ldmountaincentre.com/images/arcteryx-mantis-16-backpack-p44142-248929_image.jpg,120,top,Yes,Backpack,16,Side,5 years,2,1.5,10.2
Arc'teryx Mantis 26,1,Frame sheet and aluminum stay,Half Zip,no,10,No,No,1,18.5,https://arcteryx.com/us/en/shop/mantis-26-backpack&sa=D&source=editors&ust=1740763375953798&usg=AOvVaw1kZVu_LxOm2D63JWgW3-B1,Internal sleeve,2,No,No,420d HD Nylon plain weave,17,No,Canada,No,https://www.bfgcdn.com/1500_1500_90/502-5181-1411/arcteryx-mantis-26-backpack-daypack.jpg,160,top,Yes,Backpack,26,Side,5 years,2,1.9,11
Arktype Dashpack 15L,2,"1 strip of molle bottom front
15"" laptop can go in main compartment
Shoulder harness has no strap dangle
Passport pocket inside laptop compartment
Internal d-rings",Half Zip,2,4.5,No,No,1,18.5,https://www.arktypedesign.com/products/dashpack-black&sa=D&source=editors&ust=1740763375956800&usg=AOvVaw2OQCWLM7j9UIjFVadZVSqG,External compartment,>10,No,No,1680D Ballistic Nylon or YKK AquaGuard zippers or 210D double-walled Ripstop Nylon,15,No,USA,No,https://www.arktypedesign.com/cdn/shop/products/ARKTYPE_Dashpack_Backpack_-_Black_-_Perspective_800x.jpg?v=1531353195,198,front & back,No,Backpack,15,Side,Lifetime,2,2,11
Arktype Jetpack 22L,2,Can fit 16inch laptop + 14inch  + 10inch tablet,Half Zip,2,6,No,No,1,19.5,https://www.arktypedesign.com/collections/all/products/jetpack-ballistic-black,External compartment,>10,No,No,1680D Ballistic Nylon or YKK AquaGuard zippers or 210D double-walled Ripstop Nylon,16,Yes,USA,No,https://www.arktypedesign.com/cdn/shop/products/ARKTYPEJetpackBackpack-BlackBallistic-PespectiveView_1600x.jpg?v=1655409073,239,front & back,Yes,Backpack,22,Side,Lifetime,2,2.2,11
Attitude Supply ADT1 Backpack,1,Molle at bottom of pack.,Rolltop & Clamshell,2,10,Yes,55L,4,19.5,https://atdsupply.com/products/atd1-backpack-black&sa=D&source=editors&ust=1740763375958956&usg=AOvVaw0QZJuYiZs6kWS9ehVk7Piw,Internal sleeve,>10,No,No,Ecopak EPLX600,16,No,Italy,No,https://atdsupply.com/cdn/shop/files/DSC0606_copia_2_590x.jpg?v=1730223943,485,front,Yes,Backpack,23,Side,Lifetime,2,3.7,12
Attitude Supply ADT2 Backpack,1,Fidlock for main opening. g-hook for compression straps.,Rolltop & Clamshell,2,7.5,Yes,31L,4,17.5,https://atdsupply.com/collections/all/products/atd2-backpack-black&sa=D&source=editors&ust=1740763375960542&usg=AOvVaw2sbATUmdgpNOL9hAJ2uFnd,Internal sleeve,>10,No,No,Ecopak EPLX600,15,No,Italy,No,https://atdsupply.com/cdn/shop/files/MP9_9993_copia_590x.jpg?v=1730224018,455,front,Yes,Backpack,18,Side,Lifetime,2,2.9,10
Baboon to the Moon City Backpack,2,Has tech organisation,Half Zip,no,7.1,No,no,1,18.9,https://baboontothemoon.com/products/city-backpack-24l,External compartment,2,No,Yes,1050D Ballistic Nylon,16,Yes,USA,No,https://m.media-amazon.com/images/I/71l+o0IwtJL._AC_UY580_.jpg,129,top & front,Yes,Backpack,24,Side,Lifetime,2,2.3,12.2
Batohiro Minato Lite 2.0 Forest Green,1,Handmade in Czechia,Rolltop,No,6.3,Yes,20,1,14.6,https://batohiro.com/en/products/minato-lite-backpack-20l-forest-green-backpack,Internal sleeve,6,No,Yes,Cordura 1000D,14,no,Czechia,No,https://batohiro.com/cdn/shop/files/batohiro-minato-lite-2-0-forest-green-backpack-durable-water-resistant-cordura.png?v=1769867058&width=800,230,Front,Yes,Backpack,15,Side,Lifetime,1,1.32,9.4
Batohiro Minato Lite Silver,1,Handmade in Czechia,Rolltop,No,6.3,Yes,20,1,14.6,https://batohiro.com/en/products/minato-lite-silver,Internal sleeve,6,No,Yes,Cordura 1000D,14,no,Czechia,No,https://batohiro.com/cdn/shop/files/batohiro-minato-lite-silver-compact-backpack-15l-20l-expansion-system.png?v=1769868815&width=800,190,Front,Yes,Backpack,15,Side,Lifetime,1,1.32,9.4
Batohiro Minato Premium 40l Red Velvet,1,Handmade in Czechia,Rolltop,Yes,6.3,Yes,40,1,18.1,https://batohiro.com/en/products/minato-backpack-red-velvet,External compartment,6,No,Yes,Cordura 1000D,17,no,Czechia,No,https://batohiro.com/cdn/shop/files/2AA44EAC-CBFA-4BD4-8D84-C5C0BACDD1D0.png?v=1734104719&width=800,299,Top,Yes,Backpack,20,Side,Lifetime,2,1.87,11.8
Batohiro Minato Premium 40l Sand,1,Handmade in Czechia,Rolltop,Yes,6.3,Yes,40,1,18.1,https://batohiro.com/en/products/minato-backpack-sand,External compartment,6,No,Yes,Cordura 1000D,17,no,Czechia,No,https://batohiro.com/cdn/shop/files/59AA775E-40C2-4678-8FC3-F730D4F98F82.png?v=1734104745&width=800,299,Top,Yes,Backpack,20,Side,Lifetime,2,1.87,11.8
Batohiro Minato Premium 6.2 Black Knight,1,Handmade in Czechia,Rolltop,Yes,6.3,Yes,40,1,18.1,https://batohiro.com/en/products/minato-premium-durable-backpack-black-knight-6-2,External compartment,6,No,Yes,ECO Cordura re or cor 1200D,17,no,Czechia,No,https://fyro.co/cdn/shop/files/Levo_Shop_1_ccd7b084-2e3a-4a1e-84eb-b2786e155492.webp?v=1762996833&width=1100,340,Top,Yes,Backpack,20,Side,Lifetime,2,2.03,11.8
Batohiro Roku Durable Pro 20l Black Knight,1,Handmade in Czechia,Rolltop,No,5.9,Yes,20,1,16.5,https://batohiro.com/en/products/roku-durable-pro-20l-black-knight,External compartment,6,No,Yes,ECOPAK 400D,16,yes,Czechia,No,https://batohiro.com/cdn/shop/files/roku-durable-pro-black-knight-roll-top-backpack-ecopak-400d-water-resistant-organized-bag.jpg?v=1774180620&width=800,299,Back,Yes,Backpack,20,,Lifetime,0,1.1,11.8
Bellroy Carryology Essentials Sling,2,Auto-compression system & internal AirTag pocket,,,3.9,No,No,0,7.9,https://bellroy.com/products/carryology-essentials-sling?color=black_ash&material=baida_nylon#slide-0,,1,,,Baida Nylon,0,Yes,Australia,,https://bellroy-product-images.imgix.net/bellroy_dot_com_gallery_image/GBP/BVXA-BSH-228/0?auto=format&fit=crop&w=1920&h=1920,129,,,Sling,4,,6 years,0,0.79,11.8
Bellroy Classic Backpack,2,,Toploader,no,7.1,No,No,1,18.9,https://bellroy.com/products/classic-backpack?color=slate&material=ribba_weave#slide-1,Internal sleeve,no,No,No,Ribba Weave,16,Yes,Australia,No,https://www.mukama.com/cdn/shop/files/product_image_base_957a29ee-13ec-4a2e-876d-92e68016ae44.jpg?v=1762346575&width=1200,149,top & front,No,Backpack,20,,6 years,0,1.5,12.6
Bellroy Classic Backpack Compact,2,,Half Zip,no,5.9,No,No,1,16.9,https://bellroy.com/products/classic-backpack-compact?color=eucalyptus&material=ribba_weave#slide-1,Internal sleeve,no,No,No,Ribba Weave,13,Yes,Australia,No,"https://hips.hearstapps.com/hmg-prod/images/bellroy-deal-lead-641dc3d35d5eb.jpg?crop=0.6666666666666666xw:1xh;center,top&resize=640:*",129,top & front,No,Backpack,16,,6 years,0,1.3,11.4
Bellroy Classic Backpack Plus,2,,Half Zip,no,7.9,No,No,1,20.5,https://bellroy.com/products/classic-backpack-plus?color=navy&material=looma_weave#slide-1,External compartment,no,No,No,Looma Weave,16,Yes,Australia,No,https://www.morebymorello.com/cdn/shop/products/bellroy-bcpb-rangergreen-web-01.jpg?v=1645615621,199,top & front,Yes,Backpack,24,,6 years,0,1.8,13.4
Bellroy Laneway Belt Bag,1,,,no,2.2,No,No,0,5.3,https://aersf.com/collections/city-collection/products/city-pack-2?country=US,Not dedicated,no,No,No,Nylon (55%) or Fishing Nets (30%) or Other Materials (5%) or Nylon (5%) or Foam (5%) (Recycled),No,Yes,Australia,Yes,https://m.media-amazon.com/images/I/71P+b8d5ndL._AC_SL1500_.jpg,69,back,No,Sling,2,No,6 years,0,0.366,9.8
Bellroy Laneway Daily Pouch,1,"Quilted back panel, cushioning foam outer walls.",,,2.4,,,1,4.7,https://bellroy.com/products/laneway-daily-pouch?color=fawn&material=seaweave_sheen#slide-0,,,,,Seaweave Sheen Nylon,,yes,Australia,,https://bellroy-product-images.imgix.net/bellroy_dot_com_gallery_image/GBP/EOAA-BLS-238/0?auto=format&fit=crop&w=1920&h=1920,39,,,Pouch,1.5,,3 Years,,0.13,8.1
Bellroy Lite Belt Bag,1,,,no,2,No,No,0,5.9,https://aersf.com/collections/city-collection/products/city-pack-2?country=US,Not dedicated,2,No,No,Dura Lite Nylon,No,Yes,Australia,Yes,https://www.oribags.com/cdn/shop/files/bellroy-BLHA-Clay-233-web-01.jpg?v=1726260083,49,back,No,Sling,1.8,No,6 years,0,0.27,8.7
Bellroy Lite Daypack,1,,Toploader,no,6.7,No,No,1,18.9,https://bellroy.com/products/lite-daypack?color=clay&material=dura_lite_nylon#slide-8,Not dedicated,no,No,No,Dura Lite Nylon,,No,Australia,Yes,https://m.media-amazon.com/images/I/61yW5qTyf6L.jpg,129,front,Yes,Backpack,20,Side,6 years,1,0.8,10.6
Bellroy Lite Pouch Duo,1,Set includes two pouches (pouch & pencil case). Compressible and stands upright.,,,2.8,,,0,7.1,https://bellroy.com/products/lite-pouch-duo?color=clay&material=dura_lite_nylon#slide-0,,,,,Dura Lite Nylon,,yes,Australia,,https://bellroy-product-images.imgix.net/bellroy_dot_com_gallery_image/GBP/ELPA-SPC-234/0?auto=format&fit=max&w=1920&h=1920,45,,,Pouch,3.5,,3 Years,,0.17,10.6
Bellroy Lite Ready Pack,1,,Half Zip,no,7.1,No,No,1,19.7,https://bellroy.com/products/lite-ready-pack?color=arcade_grey&material=dura_lite_ripstop#slide-10,Not dedicated,no,No,No,Dura Lite Ripstop,,No,Australia,Yes,https://m.media-amazon.com/images/I/612N4bGebPL._AC_UY1000_.jpg,159,top,Yes,Backpack,18,Side,6 years,1,0.8,11.8
Bellroy Lite Travel Pack 30L,1,,Clamshell,no,4.5,No,No,2,19.5,https://bellroy.com/products/lite-travel-pack?color%3Dclay%26material%3Ddura_lite_nylon%26size%3D30l%26srsltid%3DAfmBOoqQ8caDYju49JiFnFrP6zh1yvKAZIpjt29e1qtlyqvmncDQkLMV%23slide-0&sa=D&source=editors&ust=1740763375964335&usg=AOvVaw0ukPEyg1_KFxx6zKlW49lq,External compartment,5,No,No,Dura Lite Nylon or 38L (Recycled),16,No,Australia,No,https://wildbounds.myshopify.com/cdn/shop/files/bellroy-lite-travel-pack-backpacks-30l-clay-blpa-cly-241-37331447316647_530x.jpg?v=1729829413,199,top,Yes,Backpack,30,,6 years,0,2.1,14
Bellroy Sling 7L,1,,,no,5.1,No,No,0,7.1,https://aersf.com/collections/city-collection/products/city-pack-2?country=US,Not dedicated,no,No,No,Ribba Weave,No,Yes,Australia,No,https://www.urbantravellerco.com/cdn/shop/products/bellroy-sling-crossbody-marine-blue-bellroy-sling-28941628375082_600x.jpg?v=1654174636,99,back,No,Sling,7,No,6 years,0,0.77,15
Bellroy Sling Mini,1,,,no,4.3,No,No,0,5.1,https://aersf.com/collections/city-collection/products/city-pack-2?country=US,Not dedicated,no,No,No,Ribba Weave,No,Yes,Australia,No,https://m.media-amazon.com/images/I/41ozaAmt6PL._AC_SL1200_.jpg,75,back,No,Sling,4,No,6 years,0,0.58,12.6
Bellroy Tech Kit (Compact),1,Zips out flat. Squeezes into tight spaces easily.,,,2.2,,,0,4.9,https://bellroy.com/products/tech-kit?color=navy&material=looma_weave&size=compact#slide-0,,,,,Looma Weave Nylon,,yes,Australia,,https://bellroy-product-images.imgix.net/bellroy_dot_com_gallery_image/GBP/ETKB-BRZ-213/0?auto=format&fit=crop&w=1920&h=1920,55,,,Pouch,1.3,,3 Years,,0.26,7.1
Bellroy Tech Kit (Standard),1,Magnetic slip pocket for a power bank. Opens flat for easy access.,,,2.8,,,0,5,https://bellroy.com/products/tech-kit?color=black&material=ripstop_recycled&size=standard#slide-0,,,,,Ripstop Nylon (Recycled),,yes,Australia,,https://bellroy-product-images.imgix.net/bellroy_dot_com_gallery_image/GBP/ETKA-EUC-230/0?auto=format&fit=crop&w=1920&h=1920,59,,,Pouch,2.1,,3 Years,,0.5,9
Bellroy Tech Kit (Standard),1,Magnetic slip pocket for a power bank. Opens flat for easy access.,,,2.8,,,0,5,https://bellroy.com/products/tech-kit?color=black_ash&material=baida_nylon&size=standard#slide-0,,,,,Baida Nylon,,yes,Australia,,https://bellroy-product-images.imgix.net/bellroy_dot_com_gallery_image/GBP/ETKA-ARG-233/0?auto=format&fit=crop&w=1920&h=1920,59,,,Pouch,2.1,,3 Years,,0.5,9
Bellroy Transit Backpack Plus,1,,Clamshell,no,9.5,No,No,1,21.5,https://bellroy.com/products/transit-backpack-plus?color%3Dnightsky%26material%3Dbaida_nylon%23slide-7&sa=D&source=editors&ust=1740763375969281&usg=AOvVaw1W4xQRpxFHcooJfWxmhgB7,,no,No,No,Baida Nylon,16,No,Australia,No,https://wildbounds.com/cdn/shop/files/bellroy-transit-backpack-plus-backpacks-38l-ranger-green-btpa-rgn-213-34996103708839.jpg?v=1686984019,300,top,Yes,Backpack,38,Side,6 years,2,3.3,15
Bellroy Transit Travel Pack Pro,1,,Clamshell,no,7.1,Yes,38L,2,19.7,,External compartment,1,No,Yes,Dura Weave (Recycled),16,Yes,Australia,No,https://globalluggage.co.uk/cdn/shop/files/bellroy-btva-olive-web-01.jpg?v=1742390631,339,top,Yes,Backpack,30,Side,6 years,1,3,14.6
Bellroy Transit Workpack Pro 22L,2,,Clamshell,no,7.9,No,No,1,19.7,https://bellroy.com/products/transit-workpack-pro?color=black&material=dura_nylon_recycled&size=22l#slide-4,External compartment,no,No,Yes,Dura Nylon (Recycled),16,Yes,Australia,No,https://m.media-amazon.com/images/I/71PcfMBi6eL.jpg,299,top & side,Yes,Backpack,22,Side,6 years,1,2.2,13
Bellroy Transit Workpack Pro 28L,1,,Clamshell,no,6.5,No,No,1,21,https://bellroy.com/products/transit-workpack-pro?color%3Dolive%26material%3Ddura_nylon_recycled%26size%3D28l%23slide-0&sa=D&source=editors&ust=1740763375971404&usg=AOvVaw1cajn4Wb4JZ4fCqtI4WiRC,External compartment,no,No,No,Dura Nylon (Recycled),16,No,Australia,No,https://www.mukama.com/cdn/shop/files/bellroy-bpwb-olive-web-01.jpg?v=1730231368,260,side,Yes,Backpack,28,Side,6 years,1,2.4,10.5
Bellroy Transit Workpack Second Edition,1,,Clamshell,no,6.5,No,No,1,20,https://bellroy.com/products/transit-workpack?color%3Dbronze%26material%3Dbaida_nylon%23slide-0&sa=D&source=editors&ust=1740763375965820&usg=AOvVaw0ZwB6EiTdz4gqzfEw7OQlc,External compartment,no,No,No,Baida Nylon,16,No,Australia,No,https://m.media-amazon.com/images/I/71PbPs-3tPL.jpg,179,front,No,Backpack,20,Side,6 years,1,2.1,15
Bellroy Venture Hip Pack,1,,,no,1.6,No,No,0,5.9,https://aersf.com/collections/city-collection/products/city-pack-2?country=US,Not dedicated,no,No,No,Baida Nylon,No,Yes,Australia,No,https://wildbounds.com/cdn/shop/files/bellroy-venture-hip-pack-bumbags-1-5l-bronze-bhpa-brz-213-34996052951207_600x.jpg?v=1686993910,75,front,No,Sling,2,No,6 years,0,0.38,8.7
Bellroy Venture Pouch,2,Soft-lined divided section inside. Water-resistant coated zippers.,,,2,,,0,4.9,https://bellroy.com/products/venture-pouch?color=black&material=baida_nylon#slide-0,,Yes,,,Baida Nylon,,yes,Australia,,https://bellroy-product-images.imgix.net/bellroy_dot_com_gallery_image/GBP/EVRA-BRZ-213/0?auto=format&fit=max&w=1920&h=1920,59,,,Pouch,1.1,,3 Years,,0.23,6.7
Bellroy Venture Ready Pack 20L,2,,Clamshell,no,7.9,No,No,1,19.7,https://bellroy.com/products/venture-ready-pack?color=bronze&material=baida_nylon&size=20l#slide-2,Internal sleeve,1,No,Yes,Baida Nylon,16,Yes,Australia,No,https://wildbounds.com/cdn/shop/files/bellroy-venture-ready-pack-20l-backpacks-20l-bronze-bvzb-brz-213-36377519161511.jpg?v=1717078936,199,top & side,Yes,Backpack,20,Side,6 years,1,1.9,11.8
Bellroy Venture Ready Pack 26L,1,.,Clamshell,1,7.5,No,No,1,19.5,https://bellroy.com/products/venture-ready-pack?color%3Dmidnight%26material%3Dbaida_ripstop%23slide-0&sa=D&source=editors&ust=1740763375972972&usg=AOvVaw23Y9drPCMGtF4dKqtK9-sf,Internal sleeve,>5,No,No,Baida Nylon or 20L size,16,No,Australia,No,"https://m.media-amazon.com/images/I/315uBvvIqxL._QL92_SH45_SR240,220_.jpg",259,top,Yes,Backpack,26,Side,6 years,1,2.1,13
Bellroy Venture Travel Pack 26L,1,"Hidden, detachable 15L ultralight tote for overflow",Clamshell,no,6,No,No,1,21.5,https://bellroy.com/products/venture-travel-pack?color%3Djet_black%26material%3Delement_coated_nylon%26size%3D26l%23slide-0&sa=D&source=editors&ust=1740763375974425&usg=AOvVaw0xWm5bdvDpbHNTBLPn44or,Internal sleeve,>5,No,No,Element Coated Nylon,16,No,Australia,No,https://wildbounds.com/cdn/shop/files/bellroy-venture-travel-pack-26l-backpacks-26l-jet-black-bvta-jbk-235-36377440420007.jpg?v=1717082351,330,top,Yes,Backpack,26,Side,6 years,1,2.4,14
Bellroy Via Backpack,1,,Half Zip,no,5.9,No,No,1,17.7,https://bellroy.com/products/via-backpack?color=black&material=ribba_weave#slide-2,Internal sleeve,no,No,No,Ribba Weave,16,Yes,Australia,No,https://www.aspenofhereford.com/cdn/shop/files/de7e375f-056c-4065-86e8-e3e64a85c56e.jpg?v=1704385689&width=1080,149,top,No,Backpack,20,,6 years,0,1.2,11.8
Bellroy Wonder Kit,1,Includes carabiner wrist strap. Can be used as a clutch or crossbody.,,,1.2,,,0,5.5,https://bellroy.com/products/wonder-kit?color=raven&material=baida_nylon#slide-0,,Yes,,,Baida Nylon,,yes,Australia,,https://bellroy-product-images.imgix.net/bellroy_dot_com_gallery_image/GBP/ETWA-STG-218/0?auto=format&fit=crop&w=1920&h=1920,99,,,Pouch,0.8,,3 Years,,0.41,7.5
Berghaus 24/7 25 Rucsac,1,Works with hydration bladder ,Half Zip,no,9.5,No,,1,19.3,,Internal sleeve,4,No,No,Polyester 600D Ripstop with a Water Resistant PU Membrane (Recycled),15,No,UK,No,https://static.thcdn.com/images/large/original//productimg/1600/1600/13650842-2084992660544410.jpg,75,front,Yes,Backpack,25,Side,4 Years,2,1.3,9.9
Berghaus 24/7 30 Rucsac,1,Works with hydration bladder ,Half Zip,no,10.2,No,,1,20.5,,Internal sleeve,4,No,No,Polyester 600D Ripstop with a Water Resistant PU Membrane (Recycled),15,No,UK,No,https://www.cribgochoutdoor.com/images/Berghaus%20247%2030%20Rucsac%20in%20Light%20Green%207.jpg?width=1998&height=1998&quality=85&mode=pad&format=webp&bgcolor=ffffff,80,front,Yes,Backpack,30,Side,4 Years,2,1.4,10.6
Berghaus Bag 25,1,"Padded laptop compartment, Water repellent",Half Zip,no,7.1,No,,1,18.9,,Internal sleeve,no,No,No,Polyester,15,No,UK,No,https://static.thcdn.com/images/large/original//productimg/1600/1600/13144568-9774868235569793.jpg,40,front,No,Backpack,25,No,4 Years,0,0.8,11
Berghaus Explorer Backpack,1,laptop and tablet/ipad sleeve,Rolltop,no,9.5,Yes,25L,1,22.8,,Internal sleeve,2,No,No,420D Nylon,16,Yes,UK,No,https://static.thcdn.com/images/large/original//productimg/1600/1600/15797972-1695219923089999.jpg,140,front,Yes,Backpack,23,Side,4 Years,2,2,11.4
Berghaus Logo Recognition 25,1,"Padded laptop compartment, Water repellent",Half Zip,no,4.5,No,,1,19.1,,Internal sleeve,2,No,No,Polyester 600D with a Water Resistant PU Membrane (Recycled),15,No,UK,No,https://cdn.webshopapp.com/shops/186401/files/423455361/1652x2313x2/berghaus-berghaus-logo-recognition-rucksack-25l-20.jpg,40,front,No,Backpack,25,No,4 Years,0,0.8,11.4
Berghaus Trailbyte 30,1,"Hydration bladder, laptop and tablet/ipad sleeve",Half Zip,no,5.5,No,,1,18.9,,External compartment,2,Yes,No,Polyester 600D with a Water Resistant PU Membrane (Recycled),15,Yes,UK,No,https://m.media-amazon.com/images/I/61PjAL0WIUL.jpg,100,front,Yes,Backpack,30,No,4 Years,0,1.9,12.2
Berghaus Xodus Commute 30 Travel Rucsac,0,"Works with hydration bladder, separate dirty clothes or shoes area, adjustable back harness",Clamshell,no,11,No,,1,20.9,,External compartment,4,Yes,No,Robic,15,Yes,UK,No,https://www.tradeinn.com/f/14012/140128196/berghaus-xodus-commute-30l-bag.webp,150,No,Yes,Backpack,30,Side,4 Years,2,1.9,9.9
Black Ember Citadel 20,1,,Clamshell,no,6.5,No,No,1,17,https://blackember.com/collections/urban-backpack//products/citadel-18&sa=D&source=editors&ust=1740763375975930&usg=AOvVaw2rcKmG5vjuDyNRjGzJYPvN,Internal sleeve,no,No,Yes,420 VELOCITY Cordura re or cor RN66,14,No,USA,No,https://www.mukama.com/cdn/shop/files/WS_BE_2304_Citadel_0607.jpg?v=1731658488,239,top,Yes,Backpack,20,,Lifetime,0,2.8,11.5
Black Ember Citadel R3 25,1,"Lashpoints for additional handles.
Side handle and bottom lash straps sold separaetely.",Clamshell,no,7,No,No,2,19.5,https://blackember.com/collections/urban-backpack//products/citadel-25&sa=D&source=editors&ust=1740763375977387&usg=AOvVaw3o8KYo0npKuFUQ3E77i-eG,Internal sleeve,>5,No,No,421 VELOCITY Cordura re or cor RN66,14,No,USA,No,https://blackember.com/cdn/shop/files/urban-backpack-100.png?v=1707450948,280,top,Yes,Backpack,25,,Lifetime,0,3.5,12
Black Ember Forge Max,1,"""Heavy"" - no weight listed.
Hidden pockets at back.
Maglock compression straps.
Can be carrierd briefcase style.
External front lash points for dd-on attachment",Clamshell,4,6,Yes,30L,3,18,https://blackember.com/products/forge-max?variant%3D30333425254434&sa=D&source=editors&ust=1740763375978826&usg=AOvVaw33fnxZ8Ij8WsYifbINtWOG,Internal sleeve,4,No,Yes,500D Cordura re or cor RN66 AIR TEXTURED MATTE FINISH or 1000D HYPALON,15,No,USA,No,https://blackember.com/cdn/shop/files/best-laptop-backpack-for-men-2030_900x.png?v=1721073500,325,back,Yes,Backpack,20,,Lifetime,0,3.5,12
Blank Canvas Accessories Weekender Pack V2,2,,Half Zip,no,5.5,No,No,1,16,https://www.blankcanvasaccessories.com/product-page/weekender-pack-v-2,Internal sleeve,2,No,No,1000D Nylon,14,No,Puerto Rico,No,"https://static.wixstatic.com/media/31b8bb_642a524070cc4dea9fff9bae035f59f6~mv2.jpg/v1/fill/w_400,h_601,al_c,q_85,usm_0.66_1.00_0.01/31b8bb_642a524070cc4dea9fff9bae035f59f6~mv2.jpg",88,front,No,Backpack,15,,Lifetime,0,,10.5
Bounce Design Labs 3DC v2 Sling,1,Made in USA,,no,3,No,No,0,6,https://aersf.com/collections/city-collection/products/city-pack-2?country=US,Not dedicated,4,No,No,EPX200,No,Yes,USA,No,https://www.bouncedesignlabs.com/cdn/shop/files/3DCv2-CaribbeanBlaze-2.jpg?v=1687108142&width=500,120,front,No,Sling,3,No,Lifetime,0,0.7,9
Bounce Design Labs 4DC,2,Made in USA,,no,4,No,No,0,6,https://aersf.com/collections/city-collection/products/city-pack-2?country=US,Not dedicated,4,No,No,EPX200,No,Yes,USA,No,https://www.bouncedesignlabs.com/cdn/shop/files/4DC-SedonaOrange-4.jpg?v=1702788280&width=500,140,front,No,Sling,4,No,Lifetime,0,0.7,10
Bounce Design Labs 5DC,1,Made in USA,,no,3,No,No,0,7,https://aersf.com/collections/city-collection/products/city-pack-2?country=US,Not dedicated,4,No,No,EPX200,No,Yes,USA,No,https://www.bouncedesignlabs.com/cdn/shop/files/5DC-IslandLife-5.jpg?v=1687536966,160,front,No,Sling,5,No,Lifetime,0,0.9,11
Bounce Design Labs Dapper Mota,3,Made in USA,,no,4.5,No,No,0,7,https://aersf.com/collections/city-collection/products/city-pack-2?country=US,Not dedicated,no,No,No,X-PAC X51,No,Yes,USA,No,https://www.bouncedesignlabs.com/cdn/shop/files/DapperMota-DesertDusk-5.jpg?v=1718764260&width=500,100,front & back,No,Sling,5,No,Lifetime,0,0.6,9.5
Bounce Design Labs Dapper Satchel Plus,5,Made in USA,,no,4,No,No,1,10,https://aersf.com/collections/city-collection/products/city-pack-2?country=US,Internal sleeve,no,No,No,,11,Yes,USA,No,https://www.bouncedesignlabs.com/cdn/shop/files/DapperSatchelPlus-BlueMirage-2.jpg?v=1742918137,149,front & back,No,Sling,7.5,No,Lifetime,0,1,12
Boundary Supply Arris Pack,1,Adjustable harness,Clamshell,no,9,No,No,2,22,https://www.boundarysupply.com/products/arris-pack&sa=D&source=editors&ust=1740763375980377&usg=AOvVaw2Jv2HJabWWGYdSxRomjqrs,Internal sleeve,4,No,No,400D TPU Nylon,17,No,USA,No,https://www.boundarysupply.com/cdn/shop/products/Arris-Pack2_500x.progressive.jpg?v=1678733251,400,top,Yes,Backpack,35,Side,3 years,1,4.3,13
Boundary Supply Errant Pack,1,,Clamshell,1,5.5,No,No,2,19,https://www.boundarysupply.com/products/errant-pack&sa=D&source=editors&ust=1740763375982090&usg=AOvVaw1pVaWm33sYGSzblygirzQD,External compartment,5,No,No,500D Duramax Kodra,15,No,USA,No,https://www.boundarysupply.com/cdn/shop/products/Errant-Pack3_f5e88ebf-4c1f-4a6c-bc91-8bcdb99f7687_500x.progressive.jpg?v=1679515858,269,back,Yes,Backpack,22,Side,3 years,1,3.1,10
Boundary Supply Errant Pack MK II X-Pac,2,Modular accessory system & magnetic flap,Half Zip,no,7,No,No,2,19,https://www.boundarysupply.com/products/errant-pack-mark-ii-x-pac,External compartment,10,No,Yes,VX21 X-Pac,17,Yes,USA,No,https://cdn.shopify.com/s/files/1/0104/4630/7364/files/Errant-PackMarkII14.jpg?v=1774372394,374,top & back,No,Backpack,20,Side,Lifetime,2,2.28,12
Boundary Supply Prima System,1,Modular system; removable Verge Camera Case + Fieldspace laptop sleeve; RFID-safe pocket; magnetic buckles; built-in key dock; stormproof YKK zippers; ventilated foam back panel,Clamshell,no,7,Yes,38L,2,21,https://www.boundarysupply.com/products/prima-system,Internal sleeve,no,No,Yes,Not specified,17,Yes,USA,No,https://cdn.shopify.com/s/files/1/0104/4630/7364/products/Prima-System2.jpg?v=1750969513,279,top,No,Backpack,30,Side,3 years,1,4.16,12
Brevite Backpack,1,"Side access to main compartment, good for photographers",Half Zip,no,5.5,No,No,1,16.25,https://brevite.co/products/the-brevite-backpack,External compartment,3,No,Yes,600D Polyester,16,Yes,USA,No,https://brevite.co/cdn/shop/files/250522CHARD_BREVITE_BPackWeb2_2025pg_v1b_copy1080x1080.jpg?v=1755633050&width=1946,130,front,No,Backpack,18,Side,Lifetime,1,1.7,11
Cabin Zero Adv Backpack 32L,1,,Clamshell,4,8,No,No,2,18,https://www.cabinzero.com/products/adv-32l-atlantic-blue&sa=D&source=editors&ust=1740763375987373&usg=AOvVaw2VKzTDFsvV2_VgWAxn1DlI,Internal sleeve,2,No,No,Nylon 500D,15,Yes,UK,No,https://www.cabinzero.com/cdn/shop/files/ADV-32L-SANGRIA-RED-FRONT-3.4-LEFT_9232b7d1-5b88-4725-b4fa-5a9f05b27d0d_1800x1800.jpg?v=1741755653,125,top,Yes,Backpack,32,Side,Lifetime,1,1.9,12
Cabin Zero Adv Backpack 42L,1,,Clamshell,4,8,No,No,2,21.5,https://www.cabinzero.com/products/adv-42l-atlantic-blue&sa=D&source=editors&ust=1740763375989321&usg=AOvVaw3FzI1-VeL-RiFG-ytk3n44,Internal sleeve,1,Yes,No,Nylon 500D,15,Yes,UK,No,https://www.cabinzero.com/cdn/shop/files/ADV-42L-MOROCCAN-SANDS-FRONT-3.4-LEFT_9287bd10-b5e7-4f9b-b63b-0913a722532e_1800x1800.jpg?v=1742983862,130,top,Yes,Backpack,42,Side,Lifetime,1,3.1,14
Cabin Zero Adv Pro Backpack 32L,1,,Clamshell,4,8,No,No,2,18,https://www.cabinzero.com/products/adv-pro-32l-sahara-sand&sa=D&source=editors&ust=1740763375991720&usg=AOvVaw0AVRN8TYyIsnSnJin7WwSz,Internal sleeve,2,Yes,No,Nylon 500D,15,Yes,UK,No,https://www.cabinzero.com/cdn/shop/files/ADV-PRO-32L-ATLANTIC-BLUE-FRONT-3.4-LEFT_1800x1800.jpg?v=1741771117,144,top,Yes,Backpack,32,Side,Lifetime,1,2,12
Cabin Zero Adv Pro Backpack 42L,1,,Clamshell,4,8,No,No,2,21.5,https://www.cabinzero.com/products/adv-pro-42l-atlantic-blue&sa=D&source=editors&ust=1740763375994114&usg=AOvVaw2wQcBUCPBDmuIpqZHYrAiL,Internal sleeve,2,Yes,No,Nylon 500D,15,Yes,UK,No,https://www.cabinzero.com/cdn/shop/files/ADV-PRO-42L-MIAMI-MAGENTA-LEFT-FRONT_0f64971a-612d-48e2-9acf-e6a074ba8faf_1800x1800.jpg?v=1741756654,169,top,Yes,Backpack,42,Side,Lifetime,1,3.3,14
Cabin Zero Classic Backpack 28L,1,,Half Zip,4,8,No,No,2,15.5,https://www.cabinzero.com/products/classic-28l-orange-chill&sa=D&source=editors&ust=1740763375996427&usg=AOvVaw2jazce1cqyCXnZGt8q6SdS,Internal sleeve,no,No,No,600D Polyester,15,No,UK,No,https://www.cabinzero.com/cdn/shop/files/CLASSIC_28L_Sangria_Red_FRONT_3.4_LEFT_1800x1800.png?v=1740126509,69,front,No,Backpack,28,Side,Lifetime,1,1.3,11.5
Cabin Zero Classic Plus 42L,1,"Lockable zippers
Built in Global Luggage Tracker, powered by Okoban
Laptop sleeve only, no compartment.",Clamshell,4,8,No,No,2,21.5,https://www.cabinzero.com/products/classic-plus-42l-georgian-khaki&sa=D&source=editors&ust=1740763375998773&usg=AOvVaw29fCvMgbwGkpAp2n8hw6T8,Internal sleeve,2,No,No,600D Polyester,15,No,UK,No,https://www.cabinzero.com/cdn/shop/files/CLASSIC-PLUS-42L-ORANGE-CHILL-3.4-LEFT_1800x1800.jpg?v=1741936635,122,front,Yes,Backpack,42,Side,Lifetime,1,2.6,14
Cabin Zero Classic Pro 32L,0,"Lockable zippers
Built in Global Luggage Tracker, powered by Okoban
Laptop sleeve only, no compartment.",Half Zip,4,8,No,No,1,18,https://www.cabinzero.com/products/classic-pro-32l-navy&sa=D&source=editors&ust=1740763376000955&usg=AOvVaw2MSY5mF62c_OATAgjfaqON,Internal sleeve,no,No,No,600D Polyester,15,No,UK,No,https://www.cabinzero.com/cdn/shop/files/CLASSIC-PRO-32L-ORANGE-CHILL-3.4-LEFT_1800x1800.jpg?v=1741938075,141,,Yes,Backpack,32,Side,Lifetime,1,2.7,12
Cabin Zero Military 28,1,"Lockable zippers
Built in Global Luggage Tracker, powered by Okoban
Laptop sleeve only, no compartment.",Half Zip,4,5,No,No,2,16.5,https://www.cabinzero.com/products/military-28l-military-green&sa=D&source=editors&ust=1740763376003320&usg=AOvVaw0N56Aa6eOQdaJRnHBL29I4,Internal sleeve,no,No,No,Nylon,15,No,UK,No,https://www.cabinzero.com/cdn/shop/files/MILITARY-28L-GREEN-SIDE_1800x1800.jpg?v=1740557566,94,side,Yes,Backpack,28,Side,Lifetime,1,1.9,11
Chrome Industries Barrage 2L,1,Molle front,,no,2,No,No,,5.5,https://aersf.com/collections/city-collection/products/city-pack-2?country=US,Not dedicated,6,No,No,Nylon and Polyester with Polyester Taffeta Nylon (Recycled),No,Yes,USA,No,https://chromeindustries.com/cdn/shop/files/BG-396-MUVX-1_13_1.jpg?v=1755045887&width=800,50,back,No,Sling,2,No,Lifetime,0,0.49,7.25
Chrome Industries Barrage 5L,2,Molle front,,no,3.25,No,No,,6.25,https://aersf.com/collections/city-collection/products/city-pack-2?country=US,Not dedicated,>10,No,No,Nylon and Polyester with Polyester Taffeta Nylon (Recycled),No,Yes,USA,No,https://chromeindustries.com/cdn/shop/files/BG397MOSX_one_1.jpg?v=1754440132&width=800,85,front & back,No,Sling,5,No,Lifetime,0,0.86,8.25
Chrome Industries Kadet,1,,,4,3.5,No,No,,7.75,https://aersf.com/collections/city-collection/products/city-pack-2?country=US,Not dedicated,2,No,No,1050D Nylon with PU backing or lined in 150D polyester (Recycled),11,Yes,USA,No,https://chromeindustries.com/cdn/shop/files/1_BG-196-SG_1.jpg?v=1756391120&width=800,100,front,No,Sling,9,Underneath,Lifetime,1,1.4,16.5
Chrome Industries Kadet Max ,1,,,4,5.5,No,No,,11.25,https://aersf.com/collections/city-collection/products/city-pack-2?country=US,Internal sleeve,6,No,No,1050D Nylon or 1680D Ballistic Nylon with PU backing,15,Yes,USA,No,https://chromeindustries.com/cdn/shop/files/1_BG-351_REDX.jpg?v=1756390953&width=800,155,front,No,Sling,15,Underneath,Lifetime,1,1.59,16.5
Chrome Industries Kadet Max Waterproof,1,,,4,5,No,No,,11.25,https://aersf.com/collections/city-collection/products/city-pack-2?country=US,Internal sleeve,>10,No,No,Nylon with and TPU backing,14,Yes,USA,No,https://chromeindustries.com/cdn/shop/files/1-BG-394-FTRW-NA_3_1.jpg?v=1755888683&width=800,175,front,No,Sling,15,Underneath,Lifetime,1,1.3,16.5
Chrome Industries Kadet Mini,1,,,2,3.1,No,No,,6.5,https://aersf.com/collections/city-collection/products/city-pack-2?country=US,Not dedicated,2,No,No,210D Nylon X grid laminated sailcloth (Recycled),No,Yes,USA,No,https://chromeindustries.com/cdn/shop/files/1_BG-321-INGO_2_1_1.jpg?v=1756391041&width=800,80,front,No,Sling,5,Underneath,Lifetime,1,0.77,13.25
Chrome Industries Kadet Mini Waterproof,1,,,2,3.13,No,No,,6.5,https://aersf.com/collections/city-collection/products/city-pack-2?country=US,Internal sleeve,6,No,No,Nylon with and TPU backing,7,Yes,USA,No,https://chromeindustries.com/cdn/shop/files/1_BG-395-BK_1.jpg?v=1755887435&width=800,110,front,No,Sling,5,Underneath,Lifetime,1,0.5,13.25
Chrome Industries Kadet Slide,1,,,4,3.5,No,No,,7.75,https://aersf.com/collections/city-collection/products/city-pack-2?country=US,Internal sleeve,4,No,No,1050D Nylon with PU backing or lined in 150D polyester (Recycled),7,Yes,USA,No,https://chromeindustries.com/cdn/shop/files/Kadet_Slide_Black_X.jpg?v=1754333745&width=800,90,front,No,Sling,9,Underneath,Lifetime,1,1.34,16.5
Chrome Industries Kadet Waterproof,1,,,2,3.5,No,No,,7.5,https://aersf.com/collections/city-collection/products/city-pack-2?country=US,Internal sleeve,6,No,No,Nylon with and TPU backing,7,Yes,USA,No,https://chromeindustries.com/cdn/shop/files/1-BG-393-FTRW_12_1.jpg?v=1755888177&width=800,140,front,No,Sling,9,Underneath,Lifetime,1,0.8,16.5
Chrome Industries Mini Tensile Sling,1,,,no,2,No,No,,5.1,https://aersf.com/collections/city-collection/products/city-pack-2?country=US,Not dedicated,no,No,No,Nylon and Polyester with Polyester Taffeta Nylon (Recycled),No,Yes,USA,No,https://chromeindustries.com/cdn/shop/files/1_BG-373-CRMI_1.jpg?v=1755700993&width=800,45,back,No,Sling,2,No,Lifetime,0,0.37,8
Chrome Industries Sabin 1.5L,2,,,no,1.75,No,No,,4.75,https://aersf.com/collections/city-collection/products/city-pack-2?country=US,Not dedicated,no,No,No,400D crinkle Nylon with a 150D polyester liner (Recycled),No,Yes,USA,No,https://chromeindustries.com/cdn/shop/files/BG-400-MOSS-1_1.jpg?v=1754402928&width=800,45,front & back,No,Sling,1.5,No,Lifetime,0,0.44,7.75
Chrome Industries Sabin 3L,1,,,no,1.5,No,No,,6,https://aersf.com/collections/city-collection/products/city-pack-2?country=US,Not dedicated,no,No,No,400D crinkle Nylon with a 150D polyester liner (Recycled),No,Yes,USA,No,https://chromeindustries.com/cdn/shop/files/BG-386-MOSS-1_1.jpg?v=1756166794&width=800,55,front,No,Sling,3,No,Lifetime,0,0.49,9
Chrome Industries Sabin 6L,1,,,no,2,No,No,,8,https://aersf.com/collections/city-collection/products/city-pack-2?country=US,Not dedicated,no,No,No,400D crinkle Nylon with a 150D polyester liner (Recycled),No,Yes,USA,No,https://chromeindustries.com/cdn/shop/files/BG-385-MAUV-1_1.jpg?v=1756175070&width=800,65,front,No,Sling,3,No,Lifetime,0,0.6,9
Chrome Industries Sodo Sling,2,,,no,1.5,No,No,,6.5,https://aersf.com/collections/city-collection/products/city-pack-2?country=US,Not dedicated,no,No,No,1050D Nylon with PU backing or lined in 150D polyester (Recycled),No,No,USA,No,https://chromeindustries.com/cdn/shop/files/1_BG-387-ICSH_1.jpg?v=1756165388&width=800,55,front & back,No,Sling,3,No,Lifetime,0,0.3,7
Chrome Industries Tensile Sling,1,,,2,4,No,No,,7,https://aersf.com/collections/city-collection/products/city-pack-2?country=US,Not dedicated,2,No,No,Nylon and Polyester with Polyester Taffeta Nylon (Recycled),No,Yes,USA,No,https://chromeindustries.com/cdn/shop/files/1_BG-359_BLKX.jpg?v=1751983217&width=800,100,back,No,Sling,7,No,Lifetime,0,0.82,11
Chrome Industries Ziptop Waistpack,1,,,no,2,No,No,,6.75,https://aersf.com/collections/city-collection/products/city-pack-2?country=US,Not dedicated,no,No,No,1050D Nylon or 1680D Ballistic Nylon with PU backing,No,Yes,USA,No,https://chromeindustries.com/cdn/shop/files/1_BG-288-SG_1.jpg?v=1751496478&width=800,45,front,No,Sling,3,No,Lifetime,0,0.48,11
Cotopaxi 24L Bucket Pack,1,,Toploader,4,6,No,No,2,21,https://www.cotopaxi.com/products/torre-24l-bucket-pack-cada-dia,Internal sleeve,>10,No,No,840D Nylon with T (Recycled),15,No,USA,No,https://uk.cotopaxi.com/cdn/shop/files/1200X1200jpeg-S24Torre24LBucketPackCadaDiaBlueSpruce_F.jpg?v=1725005453,135,top,Yes,Backpack,24,Side,Lifetime,2,1.8,12
Cotopaxi Allpa 28,1,"Lockable zippers.
Side access to main compartment.
Accessorize for side waterbottle, and shoes.
Passport via internal pocket in main compartment.",Clamshell,no,9,No,No,3,19,https://www.cotopaxi.com/products/allpa-28l-travel-pack?variant%3D39552908689469&sa=D&source=editors&ust=1740763376005306&usg=AOvVaw0E5Y30mPfzLZroZ-Gv79Cv,External compartment,>5,No,Yes,840D Nylon with T (Recycled),15,No,USA,No,https://uk.cotopaxi.com/cdn/shop/files/1200X1200jpeg-S25Allpa28LTravelPackFatigue_F.jpg?v=1738580300,170,front,Yes,Backpack,28,Side,Lifetime,1,2.2,12
Cotopaxi Allpa 35,1,"Lockable zippers.
Side access to main compartment.
Accessorize for side waterbottle, and shoes.
Passport via internal pocket in main compartment.",Clamshell,no,10,No,No,3,22,https://www.cotopaxi.com/products/allpa-35l-travel-pack?variant%3D40020813381693&sa=D&source=editors&ust=1740763376006894&usg=AOvVaw0BHO5ggKf-slB1J_7Js6uZ,External compartment,>5,No,Yes,840D Nylon with T (Recycled),15,No,USA,No,https://uk.cotopaxi.com/cdn/shop/files/Allpa35_Front_1080x.jpg?v=1726825265,225,front,Yes,Backpack,35,Side,Lifetime,1,2.9,12
Cotopaxi Allpa Mini 20L Travel Pack,0,,Clamshell,no,8,No,No,1,17,https://www.cotopaxi.com/products/allpa-mini-20l-travel-pack?variant%3D41194668851261&sa=D&source=editors&ust=1740763376008413&usg=AOvVaw3cOZmj2xPbYOyFVoU2xf1D,Internal sleeve,4,No,Yes,840D Nylon with T (Recycled),15,No,USA,No,https://uk.cotopaxi.com/cdn/shop/files/1200X1200jpeg-F24AllpaMini20LTravelPackSmokeandCinder_F.jpg?v=1726495412,140,,Yes,Backpack,20,Side,Lifetime,1,1.4,10
Cotopaxi Chiquillo 26L Backpack,1,"Ideal for students, work",Half Zip,no,6,No,No,1,19,https://www.cotopaxi.com/products/chiquillo-26l-backpack-cada-dia,Internal sleeve,2,No,No,Polyester oxford (Recycled),16,Yes,USA,No,https://uk.cotopaxi.com/cdn/shop/files/1200X1200jpeg-S24Chiquillo26LBackpackCadaDiaRustyMauve_F_1080x.jpg?v=1715768264,75,front,Yes,Backpack,26,Side,Lifetime,2,1.6,11
Cotopaxi Chiquillo 30L Backpack,1,"Ideal for students, work",Half Zip,no,7,No,No,1,20,https://www.cotopaxi.com/products/chiquillo-30l-backpack-cada-dia,External compartment,2,No,No,Polyester oxford (Recycled),16,Yes,USA,No,https://uk.cotopaxi.com/cdn/shop/files/1200X1200jpeg-S24Chiquillo30LBackpackCadaDiaDesertLemongrass_F_1080x.jpg?v=1737372880,95,front,Yes,Backpack,26,Side,Lifetime,2,1.8,11
Cotopaxi Elqui 18L Backpack,1,strap pockets,Half Zip,2,7.5,No,No,1,17.5,https://www.cotopaxi.com/products/elqui-18l-backpack,Not dedicated,2,No,No,,,No,USA,No,https://glisshop-glisshop-fr-storage.omn.proximis.com/Imagestorage/imagesSynchro/735/735/678e1ada85342a8332447298c184c9fc16239643_E25COTOACC499158_COTO1099163_0.jpeg,90,front,Yes,Backpack,18,Side,Lifetime,2,1,10.5
Cotopaxi Elqui 24L Backpack,2,strap pockets,Clamshell,2,7.5,No,No,1,17.5,https://www.cotopaxi.com/products/elqui-24l-backpack,Internal sleeve,2,Yes,No,Nylon (Recycled),15,No,USA,No,https://res.cloudinary.com/cotopaxi/image/upload/v1736796218/shopify_products/walk_in_videos/ji8nzsviuhjbbmnavgux.png,100,top & front,Yes,Backpack,24,Side,Lifetime,2,1.4,10.5
Cotopaxi Tasra 16L Backpack,2,,Half Zip,no,5.5,No,No,1,17,https://www.cotopaxi.com/products/tasra-16l-backpack-del-dia,Internal sleeve,4,No,No,Nylon and polyester (Deadstock ),13,Yes,USA,No,"https://cdn.deporvillage.com/cdn-cgi/image/f=auto,q=75,fit=contain,background=white/product/CTX-C2424491U11380DD_100.jpg",75,front,No,Backpack,16,Side,Lifetime,2,1.1,10.5
Cotopaxi Vaya 18L Backpack,1,,Half Zip,no,7,No,No,1,19,https://www.cotopaxi.com/products/vaya-18l-backpack-cada-dia,Internal sleeve,>10,No,No,840D Nylon with T (Recycled),15,No,USA,No,https://uk.cotopaxi.com/cdn/shop/files/1200X1200jpeg-F24Vaya18LBackpackCadaDiaDesert_F.jpg?v=1726498647,120,front,Yes,Backpack,18,,Lifetime,0,1.3,12
CT21 V3.0 Backpack,2,,Clamshell,no,7,No,No,1,18.9,https://ctactical.vn/collections/backpacks/products/ct21-v3-0-backpack-nylon-420d-ripstop-1,External compartment,>10,No,No,Cordura Nylon 500D or Ripstop Nylon 420,16,No,Vietnam,No,https://ctactical.vn/cdn/shop/files/CT21-Slick-Nylon420DRS_2.jpg?v=1727152931&width=1800,85,top & front,Yes,Backpack,21,,1 year,0,2.8,13.4
CT21 V3.0 Backpack - THE OFFICER,2,Water bottle pockets are collapsible with zippers,Clamshell,no,7,No,No,1,18.9,https://ctactical.vn/collections/backpacks/products/ct21-v3-backpack-the-officer,External compartment,>10,No,No,Cordura Ballistic 1680D and EcoPak EPX200,16,No,Vietnam,No,https://ctactical.vn/cdn/shop/files/CT21Officer1680D-3_11.jpg?v=1738987711&width=1800,115,top & front,Yes,Backpack,21,Side,1 year,2,3.2,13.4
Ctactical CT15 V3.0,2,,Clamshell,no,6.5,No,no,1,18.9,https://ctactical.vn/collections/backpacks/products/ct15-v3-0-backpack-500d-cordura%C2%AE,External compartment,>10,No,No,Cordura Nylon 500D or Ripstop Nylon 420,15,No,Vietnam,No,https://ctactical.vn/cdn/shop/files/CT15V3-Black_2.jpg?v=1723199773&width=1800,75,top & front,Yes,Backpack,15,,1 year,0,2.5,11.4
Ctactical CT3 V2.0,2,,,no,2.7,No,,,6,,Not dedicated,4,No,No,Cordura Nylon 500D or 1000D Cordura,8,Yes,Vietnam,No,https://ctactical.vn/cdn/shop/files/CT3-v2-Coyote_4.jpg?v=1723201658&width=1800,23,front & back,No,Sling,3,No,1 year,0,0.6,9.4
Ctactical CT4W,2,,,no,3.5,No,,,6.3,,Not dedicated,2,No,No,Cordura Nylon 500D or Ultra or Ecopak and X-PAC,8,Yes,Vietnam,No,https://ctactical.vn/cdn/shop/files/CT4-BurntOrange_1_.1_2dd96408-4cb0-43b6-abbe-5944bec5e32c.jpg?v=1723690348&width=1800,27,front & back,No,Sling,4,No,1 year,0,0.6,11.8
Ctactical CT5 - 500D,2,,,2,3.9,No,,1,7,,Not dedicated,2,No,No,Cordura Nylon 500D,8,Yes,Vietnam,No,https://ctactical.vn/cdn/shop/files/Black_day.jpg?v=1739954813&width=1800,46,front & back,No,Sling,5,Underneath,1 year,1,1.43,11.4
Ctactical CT5 - Ecopak,2,,,2,3.9,No,,1,7,,Not dedicated,2,No,No,ECOPAK EPX400 or X-PAC or Ultra,8,Yes,Vietnam,No,https://ctactical.vn/cdn/shop/files/Group_4_b7722316-4e81-4b3c-8450-a527e7a54a8f.jpg?v=1722241725&width=1800,65,front & back,No,Sling,5,Underneath,1 year,1,1.53,11.4
Ctactical CT5 Neo - Ecopak,2,,,2,4.3,No,,1,6.3,,Not dedicated,2,No,No,ECOPAK EPX400 or Waxed Canvas and X-PAC,8,Yes,Vietnam,No,https://ctactical.vn/cdn/shop/files/CT5_EPX240_-_Blue_Jean_3.jpg?v=1755334086&width=1800,65,front & back,No,Sling,5,Underneath,1 year,1,1.39,11
Day Owl Backpack Pro 21,3,,Clamshell,no,5,No,no,1,17,https://baboontothemoon.com/products/city-backpack-24l,External compartment,no,No,Yes,Waxed Canvas (First Mile),16,Yes,USA,No,https://www.dayowl.com/_next/image?url=https%3A%2F%2Fcdn.shopify.com%2Fs%2Ffiles%2F1%2F0267%2F1126%2F1232%2Fproducts%2FDay_Owl_June9-062crx_1000px_45_1.jpg%3Fv%3D1643319585%26width%3D1000&w=2048&q=75,155,top & front & side,No,Backpack,21,Side,Lifetime,1,2.4,12
Day Owl Daypack 15L,1,Internal bottle sleeve,Clamshell,no,4.5,No,no,1,16,https://baboontothemoon.com/products/city-backpack-24l,Internal sleeve,no,No,No,Waxed Canvas (First Mile),15,No,USA,No,https://www.dayowl.com/_next/image?url=https%3A%2F%2Fcdn.shopify.com%2Fs%2Ffiles%2F1%2F0267%2F1126%2F1232%2Ffiles%2FDaypack_0000s_0002s_0005_Group10.jpg%3Fv%3D1735945322%26width%3D1000&w=1080&q=75,100,front,No,Backpack,15,No,Lifetime,0,1.5,11.5
Day Owl Daypack Mini 10L,1,Internal bottle sleeve,Clamshell,no,4.5,No,no,1,12.5,https://baboontothemoon.com/products/city-backpack-24l,Internal sleeve,no,No,No,Waxed Canvas (First Mile),11,Yes,USA,No,https://www.dayowl.com/_next/image?url=https%3A%2F%2Fcdn.shopify.com%2Fs%2Ffiles%2F1%2F0267%2F1126%2F1232%2Ffiles%2FMiniEcomm_0003s_0002_Group8copy.jpg%3Fv%3D1712337277%26width%3D1000&w=1080&q=75,100,front,No,Backpack,10,No,Lifetime,0,1,9
Day Owl Slim Pro,3,,Clamshell,no,3.5,No,no,1,15.5,https://baboontothemoon.com/products/city-backpack-24l,External compartment,no,No,Yes,Waxed Canvas (First Mile),14,Yes,USA,No,https://www.dayowl.com/_next/image?url=https%3A%2F%2Fcdn.shopify.com%2Fs%2Ffiles%2F1%2F0267%2F1126%2F1232%2Fproducts%2FPDPDAYOWL_FEB_16-101crxS.jpg%3Fv%3D1647267780%26width%3D1000&w=1080&q=75,135,top & front & side,No,Backpack,13,Side,Lifetime,1,2,11
Decathlon Forclaz Travel 500 Backpack,1,,Clamshell,4,10.5,No,No,1,21.5,https://www.decathlon.com/products/forclaz-travel-500-organizer-40-l-backpack-338564?variant%3D40428214190142&sa=D&source=editors&ust=1740763376009961&usg=AOvVaw0G8lEYEDOmtPGIDYVgCag_,Internal sleeve,no,No,No,,16,No,France,No,"https://m.media-amazon.com/images/I/71kDJeJXaEL._AC_UF1000,1000_QL80_.jpg",100,top,Yes,Backpack,40,Side,2 years,1,2.9,12.5
Deuter Amager 25+5,1,"Waterproof, Helmet storage on the front",Rolltop,no,7.1,Yes,30L,1,18.9,https://www.deuter.com/int-en/shop/backpacks/p1401760-bike-backpack-amager-25-5,Internal sleeve,4,No,No,420D PA PLAIN TPU,15,No,Germany,No,https://www.bfgcdn.com/1500_1500_90/502-6275-0311/deuter-amager-25-5-cycling-backpack.jpg,120,side,Yes,Backpack,25,,2 years,0,2.1,11.8
Deuter Cotogy,2,,Half Zip,no,9.8,No,No,1,18.1,https://www.deuter.com/int-en/shop/backpacks/p1691590-school-backpack-cotogy,Internal sleeve,2,Yes,No,420D PA or 600D PES,15,Yes,Germany,No,https://www.deuter.com/thumbnail/f9/2c/83/1772734556/cotogy-5-cactus-kelp-3774680de97d6eeed5930c5e18579e5f_1920.webp,150,front,Yes,Backpack,26,Side,2 years,2,2.6,11.8
Deuter Drout 20,1,waterproof,Toploader,no,6.3,No,No,1,19,https://www.deuter.com/int-en/shop/backpacks/p1691315-lifestyle-backpacks-drout-20,Internal sleeve,no,No,No,420D polyamide,16,Yes,Germany,No,https://images.hardloop.fr/604649-large_default/deuter-drout-20-urban-backpack.jpg,170,front,Yes,Backpack,20,,2 years,0,1.4,13
Deuter Giga,1,,Half Zip,no,7.1,No,No,1,19,https://www.deuter.com/int-en/shop/backpacks/p1679634-lifestyle-backpacks-giga,External compartment,no,Yes,No,300D PES Ripstop and 600D PES,15,Yes,Germany,No,https://images.hardloop.fr/684030-large_default/deuter-giga-backpack-mens.jpg,135,front,Yes,Backpack,28,Side,2 years,2,2.2,13
Deuter Gigant,1,,Half Zip,2,8.7,No,No,1,20,https://www.deuter.com/int-en/shop/backpacks/p226188-lifestyle-backpacks-gigant,External compartment,no,Yes,No,300D PES Ripstop and 600D PES,17,Yes,Germany,No,"https://m.media-amazon.com/images/S/aplus-media-library-service-media/7b46d255-c8f3-41b1-8856-30fff1c88178.__CR273,0,1440,1920_PT0_SX300_V1___.png",140,front,Yes,Backpack,32,Side,2 years,2,2.4,13
Deuter Infinii Backpack,1,,Half Zip,no,8.7,No,No,1,17.7,https://www.deuter.com/int-en/shop/backpacks/p227124-lifestyle-backpacks-infiniti-backpack,Internal sleeve,no,No,No,This (Surplus/Remnants),15,No,Germany,No,https://static.bergzeit.com/product_gallery_regular/iview_5049514-006_pic1.jpg,50,front,No,Backpack,23,Side,2 years,2,0.9,11
Deuter Up Seoul,2,"Removable waist belt, tablet sleeve",Toploader,no,6.8,Yes,22L,1,22.3,https://www.deuter.com/us-en/shop/backpacks/p1679927-lifestyle-daypack-up-seoul,Internal sleeve,no,No,No,,15,No,Germany,No,https://encrypted-tbn0.gstatic.com/shopping?q=tbn:ANd9GcRtLKLI01edtwYlFgxo-Se645BBlS-umVWdL9Rru9aozVbVhxpJxHca2wgzZTg228rWfuk9K9xL,125,front & side,Yes,Backpack,16,Side,2 years,1,1.9,13.6
Deuter Up Stockholm,1,"Removable waist belt, tablet sleeve",Toploader,no,6.7,No,No,1,20.1,https://www.deuter.com/int-en/shop/backpacks/p1679933-lifestyle-backpacks-up-stockholm,Internal sleeve,no,No,No,500D rPES or polyester (Recycled),15,No,Germany,No,https://m.media-amazon.com/images/I/71q5rmbcNJL._AC_UY1000_.jpg,115,front,Yes,Backpack,22,Side,2 years,2,1.8,11.8
Deuter Utilion 30,1,Rolltop and back access.,Rolltop & Clamshell,no,7,Yes,34L,1,20,https://www.deuter.com/us-en/shop/backpacks/p1027172-lifestyle-daypack-utilion-30&sa=D&source=editors&ust=1740763376011584&usg=AOvVaw0lkrNHWHY9hc-lIKfrq3Tg,Internal sleeve,no,No,No,,16,No,Germany,No,https://www.deuter.com/thumbnail/a8/9e/c9/1773346095/utilion-30-0-ginger-turmeric-37746857db3368bd33a41f4564a3a8d2_1920.webp,155,front,Yes,Backpack,30,Side,2 years,1,2.5,12
Eastpak Up Roll,2,Laptop accessible from external to internal sleeve,Rolltop,,4.7,Yes,24L,1,17.5,,External compartment,,No,No,Polyamide water resistant,13,No,USA,No,https://images.hardloop.fr/755380-large_default/eastpak-up-roll-urban-backpack.jpg,80,front & back,No,Backpack,23,Side,30 years,1,0.9,11.8
Evergoods CIVIC Access Pouch 2L (CAP2),10,Stands flat and open with a hi-vis interior; customizable zippered divider included. Key leash,,,3.5,,,2,5.75,https://evergoods.us/products/civic-access-pouch-2l,,Yes,,,420d HT Nylon 6 or 6 or 6 with,,yes,USA,,https://evergoods.us/cdn/shop/files/CIVIC-ACCESS-POUCH-2L-FOSSIL-BROWN-CAP2-OPEN_1_800x.jpg?v=1774379719,75,,,Pouch,2,,Lifetime,,0.48,9.5
Evergoods Civic Access Sling 1L,1,Dedicated phone/passport slot & key leash,,No,3.2,No,No,0,4.3,https://evergoods.us/products/civic-access-sling-1l?avad=249813_e4d843019&nb_platform=avantlink&utm_source=197553&utm_medium=avantlink&utm_campaign=Custom+Link&nb_pid=197553&nb_wid=249813&nb_tt=cl&nb_aid=NA,,0,,,840D Ballistic Nylon,0,Yes,USA,,https://evergoods.us/cdn/shop/files/CIVIC-ACCESS-SLING-1L-OD-GREEN-CAS1-FRONT_1_1_2000x.png?v=1778600160,75,,,Sling,1,,Lifetime,0,0.52,11.2
Evergoods Civic Access Sling 2L,1,,,no,3,No,No,,5.5,https://aersf.com/collections/city-collection/products/city-pack-2?country=US,Not dedicated,no,No,No,840d Ballistic Nylon 6 or X-PAC (Custom Developed),No,Yes,USA,No,https://evergoods.us/cdn/shop/files/CIVIC-ACCESS-SLING-2L-BLACK-CAS2-FRONT-png-min_800x.png?v=1720453842,99,front,No,Sling,2,No,Lifetime,0,0.8,11
Evergoods Civic Bookbag 22L,2,,Clamshell,no,4.7,No,No,1,17,https://evergoods.us/collections/backpacks/products/civic-bookbag-22l,Internal sleeve,no,No,No,840d Ballistic Nylon 6 durable C0,16,No,USA,No,https://evergoods.us/cdn/shop/files/CIVIC-BOOKBAG-22L-CB22-SOLUTION-DYED-BLACK-Quarter-Transparent-min_2000x.png?v=1739384528,179,top & front,Yes,Backpack,22,,Lifetime,0,2,11
Evergoods Civic Half Zip 22L,1,,Half Zip,no,8,No,No,1,18,https://evergoods.us/products/civic-half-zip-22l?&sa=D&source=editors&ust=1740763376021250&usg=AOvVaw0ABg6mowrfSifWEeiVoLJX,Internal sleeve,no,No,No,500d High Tenacity Nylon 6 or 6 with Air Textured Yarn and or 420d HT Nylon with,16,No,USA,No,https://evergoods.us/cdn/shop/files/CIVIC-HALF-ZIP-22L-CHZ22-BLACK-FRONT-EDC-BACKPACK-min_1_93235127-a64f-453f-b095-7b5cc787587b_5000x.png?v=1708468618,200,top,Yes,Backpack,22,Side,Lifetime,2,2.3,11
Evergoods Civic Half Zip 22L (2025),1,,Half Zip,no,5.5,No,No,1,19,https://evergoods.us/products/civic-half-zip-22l?&sa=D&source=editors&ust=1740763376021250&usg=AOvVaw0ABg6mowrfSifWEeiVoLJX,External compartment,2,No,No,500d High Tenacity Nylon 6 or 6 with Air Textured Yarn and or 420d HT Nylon with,16,No,USA,No,https://evergoods.us/cdn/shop/files/CIVIC-HALF-ZIP-22L-CHZ22-SOLUTION-DYED-BLACK-FRONT-min_2_800x.png?v=1747758809,200,top,Yes,Backpack,22,Side,Lifetime,2,2.5,9.5
Evergoods Civic Half Zip 26L,1,,Half Zip,no,9,No,No,1,19,https://evergoods.us/products/civic-half-zip-26l&sa=D&source=editors&ust=1740763376022813&usg=AOvVaw3tjFV4VsmeA8T_kQyw0N8y,Internal sleeve,no,No,No,500d High Tenacity Nylon 6 or 6 with Air Textured Yarn and or 420d HT Nylon with,16,No,USA,No,https://www.mukama.com/cdn/shop/files/38343.jpg?v=1714110524,220,top,Yes,Backpack,26,Side,Lifetime,2,2.7,12
Evergoods Civic Half Zip 26L (2025),1,,Half Zip,no,6.5,No,No,1,20,https://evergoods.us/products/civic-half-zip-22l?&sa=D&source=editors&ust=1740763376021250&usg=AOvVaw0ABg6mowrfSifWEeiVoLJX,External compartment,2,No,No,500d High Tenacity Nylon 6 or 6 with Air Textured Yarn and or 420d HT Nylon with,16,No,USA,No,https://evergoods.us/cdn/shop/files/CIVIC-HALF-ZIP-22L-CHZ22-SOLUTION-DYED-BLACK-FRONT-min_2_800x.png?v=1747758809,200,top,Yes,Backpack,26,Side,Lifetime,2,2.7,9.5
Evergoods Civic Panel Loader 16L,1,Lash-points are really handle extensions,Clamshell,no,6,No,No,2,16.5,https://evergoods.us/products/civic-panel-loader-16l&sa=D&source=editors&ust=1740763376024454&usg=AOvVaw36KmnMJcAObPzcnvmspUya,External compartment,3,No,No,840d Ballistic Nylon 6 C0 (Custom Developed),15,No,USA,No,https://www.mukama.com/cdn/shop/files/EG_CPL16_Solution-Dyed-Black_01.jpg?v=1740044758&width=900,230,front,Yes,Backpack,16,,Lifetime,0,2.9,11
Evergoods Civic Panel Loader 24L,1,Lash-points are really handle extensions,Clamshell,no,7,No,No,2,18,https://evergoods.us/products/civic-panel-loader-24l&sa=D&source=editors&ust=1740763376027053&usg=AOvVaw3YqmYOQ1Ld0xKgGYcWFMjq,External compartment,3,No,No,840d Ballistic Nylon 6 durable C0,15,No,USA,No,https://my-test-11.slatic.net/p/f6c7636a86ed1d6b0b7a6c49bb8b610d.png,280,front,Yes,Backpack,24,,Lifetime,0,3.1,11.5
Evergoods Civic Travel Bag 20L,1,,Clamshell,no,8.5,No,No,2,17,https://evergoods.us/products/civic-travel-bag-20l&sa=D&source=editors&ust=1740763376032193&usg=AOvVaw3QWAmJbRiWmKdoGu97WcEX,External compartment,2,No,No,420d High Tenacity Nylon 6 with,16,No,USA,No,https://evergoods.us/cdn/shop/files/CIVIC-TRAVEL-BAG-CTB20-OD-GREEN-FRONT-1-min_2000x.jpg?v=1741982625,260,top,Yes,Backpack,20,Side,Lifetime,2,3.1,11
Evergoods Civic Travel Bag 26L,1,"Aluminum side stay for sturdy side carry.
Internal lash points (similar to Molle).
Plastic and aluminium frame support.",Clamshell,no,8,No,No,2,19,https://evergoods.us/collections/civic-travel-bag-series/products/civic-travel-bag-26l&sa=D&source=editors&ust=1740763376034463&usg=AOvVaw1KGD1sk92lhX1WZphz27Gj,External compartment,2,No,No,420d High Tenacity Nylon 6 with,17,No,USA,No,https://evergoods.us/cdn/shop/files/CIVIC-TRAVEL-BAG-CTB26-SOLUTION-DYED-BLACK-FRONT-min_2000x.png?v=1739822900,300,top,Yes,Backpack,26,Side,Lifetime,2,3.4,12
Evergoods Civic Travel Bag 35L,1,"Aluminum side stay for sturdy side carry.
Internal lash points (similar to Molle).
Plastic and aluminium frame support.",Clamshell,no,9,No,No,3,20.5,https://evergoods.us/products/civic-travel-bag-35l&sa=D&source=editors&ust=1740763376036798&usg=AOvVaw3Yh2Xf6DSSMM0-I_r2eCg9,External compartment,2,No,No,420d High Tenacity Nylon 6 with,17,No,USA,No,https://evergoods.us/cdn/shop/files/CIVIC-TRAVEL-BAG-35L-CTB35-SOLUTION-DYED-BLACK-FRONT-min_2000x.png?v=1717015850,350,top,Yes,Backpack,35,Side,Lifetime,2,4,14
Evergoods Mountain Hip Pack 3.5L,1,,,no,4.5,No,No,,6.75,https://aersf.com/collections/city-collection/products/city-pack-2?country=US,Not dedicated,no,No,No,420d HT Nylon 6 or 6 with,No,Yes,USA,No,https://evergoods.us/cdn/shop/files/MOUNTAIN-HIP-PACK-3.5L-MHP3.5-solutution-dyed-black-QUARTER-VIEW-transparent-min_5000x.png?v=1743622150,119,front,No,Sling,3.5,No,Lifetime,0,0.9,16
Evergoods Mountain Panel Loader 22L,2,,Clamshell,no,8.25,No,No,2,17.75,https://evergoods.us/collections/civic-travel-bag-series/products/civic-travel-bag-26l&sa=D&source=editors&ust=1740763376034463&usg=AOvVaw1KGD1sk92lhX1WZphz27Gj,Internal sleeve,2,No,No,420d High Tenacity Nylon 6 with,16,No,USA,No,https://evergoods.us/cdn/shop/files/MOUNTAIN-PANEL-LOADER-22L-SOLUTION-DYED-BLACK-MPL22-FRONT-min_2000x.png?v=1739824141,199,front,Yes,Backpack,22,Side,Lifetime,2,1.9,9.5
Evergoods Mountain Panel Loader 22L,2,Removable waist belt,Clamshell,2,8.25,No,No,2,17.75,https://evergoods.us/collections/civic-travel-bag-series/products/civic-travel-bag-26l&sa=D&source=editors&ust=1740763376034463&usg=AOvVaw1KGD1sk92lhX1WZphz27Gj,Internal sleeve,2,No,No,420d High Tenacity Nylon 6 with,16,No,USA,No,https://evergoods.us/cdn/shop/files/MOUNTAIN-PANEL-LOADER-30L-MPL30-BLACK-min_5000x.png?v=1684193724,269,front,Yes,Backpack,30,Side,Lifetime,2,1.9,9.5
Evergoods Panel Loader Classic 20L,1,,Clamshell,no,7.25,No,No,1,17.75,,Internal sleeve,no,No,No,840d Ballistic Nylon 6 C0 (Custom Developed),17,No,USA,No,https://evergoods.us/cdn/shop/files/PANEL-LOADER-CLASSIC-PLC20-SOLUTION-DYED-BLACK-QUARTERPROFILE-min_1_5000x.png?v=1708468377,149,front,Yes,Backpack,20,No,Lifetime,0,2.2,11
Evergoods Weathershed 22L,0,Suspended and padded laptop and tablet sleeve. Has Admin Panel underneath flap with multiple pockets. Waterproof.,Toploader,no,6,Yes,24L,1,18.5,,Internal sleeve,no,No,No,420D Nylon 6 (Custom Developed),16,No,USA,No,https://evergoods.us/cdn/shop/files/ELEMENT-WEATHERSHED-22L-EWS22-SOLUTION-DYED-BLACK-QUARTER-PROFILE-min_800x.jpg?v=1739910075,300,front,Yes,Backpack,22,No,Lifetime,0,2.2,11
Everyman Hideout,1,"top and front zips to main compartment.
Top and side 'hidden' compartments.
Molle on straps",Toploader & Center Zip,4,8,No,No,2,17,https://everyman.co/products/hideout-pack&sa=D&source=editors&ust=1740763376039041&usg=AOvVaw18-zS5M8qtGZ5hOWetVviI,External compartment,4,No,No,1680 PU Lined Ballistic Nylon w or 800g PVC base,15,No,USA,No,https://everyman.co/cdn/shop/products/Backpack1_1200x.png?v=1646657697,230,side,No,Backpack,24,,Lifetime,0,2.6,11
Filson All-Weather Backpack,2,TPU coated for water resistance.,Rolltop,Yes,7.5,Yes,32,1,17.5,https://www.filson.com/products/scout-backpack-olive-black-covert,Internal sleeve,2,No,No,300D or 600D Polyester TPU (Recycled),15,yes,USA,No,https://www.filson.com/cdn/shop/files/323a6852f62c09c068a86682c4b104cb9e7f23b257f67eaa2cd761c37e73813d.png?v=1770941260&width=1100,179,Front,Yes,Backpack,31,no,Lifetime,0,2.75,12
Filson Dryden Backpack,2,Double-layer reinforced bottom. Meets major airline carry-on size requirements.,Half Zip,No,7,No,No,1,18,https://www.filson.com/products/dryden-backpack-otter-green-1,External compartment,no,No,Yes,1000D Nylon and Bridle Leather,15,yes,USA,No,https://www.filson.com/cdn/shop/files/32b229e6c262bbca9d94995045045af5028e56a3f11d455ebee65ba6c59a7d85.png?v=1770941215&width=1100,279,Front,No,Backpack,25.5,Side,Lifetime,2,3,12.75
Filson Journeyman Backpack,1,Expandable exterior snap-flap pocket. Solid brass YKK zipper.,Half Zip,No,5.5,No,No,1,17.5,https://www.filson.com/products/journeyman-backpack-tan-2,Internal sleeve,No,No,No,Cotton Twill and 14-oz Tin Cloth Waxed Canvas,15,no,USA,No,https://www.filson.com/cdn/shop/files/c3b350956f8788b5bfd6c6faf55669df2fdc6e689b1fdeff89f7d9d67c2ff817.png?v=1770941427&width=1100,399,Front,No,Backpack,23,no,Lifetime,0,2.5,12.5
Filson Trapper Creek 28L,1,Heritage waxed cotton & daisy-chain webbing,Clamshell,0,8,No,No,1,19,https://www.filson.com/products/trapper-creek-28l-backpack-dark-timber,Internal sleeve,6,No,No,10.5-oz. Waxed Cotton,16,Yes,USA,No,https://www.filson.com/cdn/shop/files/f16b93f693d61e0dd5751742385af4e70978304bc68a75755188baca5506f2ad.png?v=1775504702,249,Top,Yes,Backpack,28,Side,Lifetime,2,2.25,11
Fjallraven Abisko Hike Foldsack,0,"Removable hip strap, bungee cord at front",Toploader,2,7.9,Yes,29,1,20.9,https://www.fjallraven.com/us/en-us/bags-gear/backpacks-bags/laptop-bags/raven-202&sa=D&source=editors&ust=1740763376046033&usg=AOvVaw118GaflJv0qx16ydRXLGOp,Not dedicated,>10,No,No,Polyamide 210D Ripstop (Recycled),No,Yes,Sweden,No,https://www.fjallraven.com/4acc2d/globalassets/catalogs/fjallraven/f2/f272/f27222/f614/abisko_hike_foldsack_27222-614_f_main_fjr.jpg?width=2000&height=2000&rmode=BoxPad&bgcolor=fff&quality=100,130,No,Yes,Backpack,25,Side,Lifetime,2,2,10.2
Fjallraven Abisko Softpack 16,1,Hydration bladder compatible,Half Zip,2,6.3,No,No,1,17.7,https://www.fjallraven.com/us/en-us/bags-gear/backpacks-bags/laptop-bags/raven-202&sa=D&source=editors&ust=1740763376046033&usg=AOvVaw118GaflJv0qx16ydRXLGOp,Internal sleeve,>10,No,No,210D full-dull polyamide Ripstop with 1500mm (Recycled),15,No,Sweden,No,https://www.fjallraven.com/48f76e/globalassets/catalogs/fjallraven/f2/f232/f23200/f2320030/f23200307/f221/abisko_softpack_16_23200307-221_f_main_fjr.jpg?width=2000&height=2000&rmode=BoxPad&bgcolor=fff&quality=100,100,top,Yes,Backpack,16,Side,Lifetime,2,1,9.5
Fjallraven Foldsack No.1,0,,Toploader,no,5.9,No,No,1,15.8,https://www.fjallraven.com/us/en-us/bags-gear/backpacks-bags/laptop-bags/raven-202&sa=D&source=editors&ust=1740763376046033&usg=AOvVaw118GaflJv0qx16ydRXLGOp,Internal sleeve,no,No,No,G-1000 HeavyDuty,15,No,Sweden,No,https://www.fjallraven.com/49aa81/globalassets/catalogs/fjallraven/f2/f242/f24210/f042/7323450533601_ss20_a_foldsack_no_1_fjaellraeven_21.jpg?width=2000&height=2000&rmode=BoxPad&bgcolor=fff&quality=100,115,No,No,Backpack,16,No,Lifetime,0,1.3,11.8
Fjallraven Greenland Top,0,,Toploader,no,5.9,No,No,1,16.9,https://www.fjallraven.com/us/en-us/bags-gear/backpacks-bags/laptop-bags/raven-202&sa=D&source=editors&ust=1740763376046033&usg=AOvVaw118GaflJv0qx16ydRXLGOp,Internal sleeve,4,No,No,G-1000 HeavyDuty,15,No,Sweden,No,https://www.fjallraven.com/4948eb/globalassets/catalogs/fjallraven/f2/f231/f23150/f228/greenland_top_23150-228_f_main_fjr.jpg?width=2000&height=2000&rmode=BoxPad&bgcolor=fff&quality=100,130,No,No,Backpack,20,Side,Lifetime,2,1.5,10.2
Fjallraven Haulpack No.1,2,,Toploader,no,7.5,No,No,2,15.4,https://www.fjallraven.com/us/en-us/bags-gear/backpacks-bags/laptop-bags/raven-202&sa=D&source=editors&ust=1740763376046033&usg=AOvVaw118GaflJv0qx16ydRXLGOp,Internal sleeve,2,No,No,G-1000 HeavyDuty,15,No,Sweden,No,https://www.fjallraven.com/494884/globalassets/catalogs/fjallraven/f2/f233/f23340/f243/haulpack_no_1_23340-243_f_main_fjr.jpg?width=2000&height=2000&rmode=BoxPad&bgcolor=fff&quality=100,230,front,Yes,Backpack,23,Side,Lifetime,2,2,12.2
Fjallraven High Coast Foldsack 24,1,"Can be folded flat or rolled up, not packable into itself, Removable hip strap",Toploader,2,7.9,Yes,28,1,17.7,https://www.fjallraven.com/us/en-us/bags-gear/backpacks-bags/laptop-bags/raven-202&sa=D&source=editors&ust=1740763376046033&usg=AOvVaw118GaflJv0qx16ydRXLGOp,Internal sleeve,2,No,No,Bergshell 400D polyamide polyamide 210D (Recycled),15,Yes,Sweden,Yes,https://www.fjallraven.com/494770/globalassets/catalogs/fjallraven/f2/f232/f23222/f424/high_coast_foldsack_24_23222-424_f_main_fjr.jpg?width=2000&height=2000&rmode=BoxPad&bgcolor=fff&quality=100,130,front,Yes,Backpack,24,Side,Lifetime,2,1,10.2
Fjallraven Raven 20,2,,Half Zip,no,7,No,No,1,16.5,https://www.fjallraven.com/us/en-us/bags-gear/backpacks-bags/laptop-bags/raven-202&sa=D&source=editors&ust=1740763376046033&usg=AOvVaw118GaflJv0qx16ydRXLGOp,Internal sleeve,1,No,No,G-1000 HeavyDuty,15,Yes,Sweden,No,https://www.fjallraven.com/49484b/globalassets/catalogs/fjallraven/f2/f233/f23344/f631/raven_20_23344-631_f_main_fjr.jpg?width=1360&height=1360&rmode=BoxPad&bgcolor=fff&quality=100,100,top & front,No,Backpack,20,Side,Lifetime,2,1.4,11
Fjallraven Raven 28,2,,Half Zip,no,8.3,No,No,1,18.5,https://www.fjallraven.com/us/en-us/bags-gear/backpacks-bags/laptop-bags/raven-202&sa=D&source=editors&ust=1740763376046033&usg=AOvVaw118GaflJv0qx16ydRXLGOp,External compartment,1,No,No,G-1000 HeavyDuty,15,Yes,Sweden,No,https://www.fjallraven.com/4948fe/globalassets/catalogs/fjallraven/f2/f233/f23345/f228/raven_28_23345-228_f_main_fjr.jpg?width=1360&height=1360&rmode=BoxPad&bgcolor=fff&quality=100,150,top & front,No,Backpack,28,Side,Lifetime,2,2.2,12.2
Fjallraven Skule 28,1,Water bladder compatible,Half Zip,2,7,No,No,1,19.5,https://www.fjallraven.com/us/en-us/bags-gear/backpacks-bags/daypacks/skule-28&sa=D&source=editors&ust=1740763376048340&usg=AOvVaw2OMf5M5k2c-dAJqjBmMTkG,Internal sleeve,>10,No,No,Polyester 600D (Recycled),15,No,Sweden,No,https://www.fjallraven.com/494993/globalassets/catalogs/fjallraven/f2/f233/f23346/f614/skule_28_23346-614_f_main_fjr.jpg?width=1360&height=1360&rmode=BoxPad&bgcolor=fff&quality=100,100,top,Yes,Backpack,28,Side,Lifetime,2,1.7,16
Fjallraven Ulvö 23,1,,Half Zip,2,5,No,No,1,17.5,https://www.fjallraven.com/us/en-us/bags-gear/backpacks-bags/laptop-bags/ulvo-23&sa=D&source=editors&ust=1740763376050726&usg=AOvVaw3Ez-srgJ693K2ULIOaZbOo,Internal sleeve,no,No,No,Bergshell 400D polyamide,15,No,Sweden,No,https://www.fjallraven.com/49462b/globalassets/catalogs/fjallraven/f2/f233/f23301/f171/ulvo_23_23301-171_f_main_fjr.jpg?width=1360&height=1360&rmode=BoxPad&bgcolor=fff&quality=100,125,front,Yes,Backpack,23,Side,Lifetime,2,1.4,11
Fjallraven Ulvö Rolltop 30,0,,Rolltop,2,7,No,No,1,19.5,https://www.fjallraven.com/us/en-us/bags-gear/backpacks-bags/daypacks/ulvo-rolltop-30&sa=D&source=editors&ust=1740763376052965&usg=AOvVaw2iHnkKJolM3QnrKzliA2ME,,1,No,No,Bergshell 400D polyamide,15,No,Sweden,No,https://www.fjallraven.com/496089/globalassets/catalogs/fjallraven/f2/f233/f23313/f570/ulvo_30_23313-570_f_main_fjr2.jpg?width=1360&height=1360&rmode=BoxPad&bgcolor=fff&quality=100,160,,Yes,Backpack,30,Side,Lifetime,2,2.3,10.5
Fyro Citta 18L,2,Self-standing design,Clamshell,no,7,No,No,1,16,https://fyro.co/products/fyro-citta-backpack,External compartment,1,No,Yes,330D Kodra Nylon,14,Yes,Hongkong,No,https://fyro.co/cdn/shop/files/Citta_iron_14.webp?v=1779136393&width=2048,229,top & back,Yes,Backpack,18,side,Lifetime,1,2.3,11
Fyro Citta 25L,2,Self-standing design,Clamshell,no,8,No,No,1,17,https://fyro.co/products/fyro-citta-backpack,External compartment,1,No,Yes,VX42 X-Pac,16,Yes,Hongkong,No,https://fyro.co/cdn/shop/files/Citta_Xpac_4.webp?v=1779136697&width=2048,299,top & back,Yes,Backpack,25,side,Lifetime,1,2.5,12
Fyro Citta Sling 1L,1,Converts to tech pouch,,,2.5,No,No,0,5.5,https://fyro.co/products/fyro-citta-sling,,0,,,330D Kodra Nylon,,Yes,Hongkong,,https://fyro.co/cdn/shop/files/cittaslingfronnogimmicks_390c0288-0c60-489e-a706-e1299d049c03.webp?v=1762921046&width=2048,109,,,Sling,1,,Lifetime,0,0.39,10
Fyro Citta Sling 3L,1,Converts to tech pouch,,,3,No,No,0,7,https://fyro.co/products/fyro-citta-sling,,0,,,330D Kodra Nylon,,Yes,Hongkong,,https://fyro.co/cdn/shop/files/CittaLargeShop_12_698afe55-2540-4b8a-b259-067604738b0f.webp?v=1762925214&width=2048,119,,,Sling,3,,Lifetime,0,0.59,11
Fyro Levo Travel Backpack 30,1,30/36 Liter variants available,Clamshell,No,7.5,No,No,2,18.5,https://fyro.co/products/fyro-levo-backpack,External compartment,2,Yes,Yes,330D Kodra Nylon,16,yes,Hongkong,No,https://fyro.co/cdn/shop/files/Levo_Shop_1_ccd7b084-2e3a-4a1e-84eb-b2786e155492.webp?v=1762996833&width=1100,265,top & front,Yes,Backpack,30,Side,Lifetime,1,2.2,13
Fyro Levo Travel Backpack 36,1,30/36 Liter variants available,Clamshell,No,8.5,No,No,2,20.5,https://fyro.co/products/fyro-levo-backpack,External compartment,2,Yes,Yes,330D Kodra Nylon,17,yes,Hongkong,No,https://fyro.co/cdn/shop/files/Levo_Shop_1_ccd7b084-2e3a-4a1e-84eb-b2786e155492.webp?v=1762996833&width=1100,265,top & front,Yes,Backpack,36,Side,Lifetime,1,2.5,14
Fyro Tenax 22L ,3,Has separate tablet sleeve,Clamshell,no,7,Yes,26,1,18,,External compartment,>10,No,Yes,330D Kodra Nylon – and tough or 600D Kodra Poly – structured,16,Yes,Hongkong,No,https://fyro.co/cdn/shop/files/02_DSF9732MOD.webp?v=1736371990&width=1680,269,front & back,Yes,Backpack,22,Side,Lifetime,2,2.7,12
GORUCK Bullet Packable,0,,Clamshell,no,5,No,No,1,18.5,https://www.goruck.com/en-gb/products/packable-bullet-ruck-ripstop-robic?srsltid=AfmBOora0bo1ZeU-62IjYC6n0DR4RaQQqycBv_UyKy_vjqQ86RnmYcFa,Not dedicated,no,No,No,Ripstop Robic,No,No,USA,Yes,https://www.goruck.com/cdn/shop/files/packable_bullet_ranger_green_1800x1800.jpg?v=1741115929,65,,No,Backpack,10,,Lifetime,0,0.4,8.5
GORUCK Bullet Ruck Classic 15L,1,,Clamshell,no,5.5,No,No,1,18.5,https://www.goruck.com/products/bullet-ruck-15l?variant=45301280899172,Internal sleeve,no,No,No,1000D Cordura or 210D on back panel and shoulder straps or also in X-PAC or Waxed Canvas,14,No,USA,No,https://www.goruck.com/cdn/shop/files/3_44822eeb-0981-45b0-95ec-ca654fdafcd2_1800x1800.jpg?v=1740066445,160,front,Yes,Backpack,15,,Lifetime,0,1.6,10.8
GORUCK Bullet Ruck Double Compartment - 16L - Robic,2,,Clamshell,no,7,No,no,1,17.5,https://www.goruck.eu/products/bullet-ruck-laptop-double-compartments-ripstop-nylon,External compartment,no,No,No,Ripstop Robic,14,No,USA,No,https://www.goruck.com/cdn/shop/files/16L_two_compartment_bullet_a6907ceb-c03e-4454-be6d-a4f057d7410a_720x.jpg?v=1731549080,280,top & front,Yes,Backpack,16,,Lifetime,0,2.8,10.8
GORUCK Bullet Ruck Double Compartment - 18L - Robic,2,,Clamshell,no,7,No,no,1,18.5,https://www.goruck.eu/products/bullet-ruck-laptop-double-compartments-ripstop-nylon,External compartment,no,No,No,Ripstop Robic,14,No,USA,No,https://www.goruck.com/cdn/shop/files/16L_two_compartment_bullet_a6907ceb-c03e-4454-be6d-a4f057d7410a_720x.jpg?v=1731549080,294,top & front,Yes,Backpack,18,,Lifetime,0,3.1,11.8
GORUCK Bullet Ruck Double Compartment - Dyneema,2,,Clamshell,no,7,No,no,1,18.5,https://www.goruck.com/products/bullet-ruck-double-compartment-dyneema?variant=44437507670116,External compartment,no,No,No,Dyneema & 210D on back or Waxed Canvas,14,No,USA,No,https://www.goruck.com/cdn/shop/files/LEAD_BULLET18L_2COMPARTMENTW-LAPTOPCOMPARTMENT_DYNEEMA_Black_1_1800x1800.jpg?v=1731604850,395,top & front,Yes,Backpack,18,,Lifetime,0,3.1,11.8
GORUCK Bullet Ruck Laptop 16L,1,,Clamshell,no,5.5,No,No,1,18.5,https://www.goruck.com/products/bullet-ruck-laptop?variant=40762946846820,External compartment,no,No,No,500D Cordura or also in X-PAC or Waxed Canvas,14,No,USA,No,https://www.goruck.com/cdn/shop/products/black_lead_1800x1800.jpg?v=1731556323,195,front,Yes,Backpack,16,,Lifetime,0,2.6,10
GORUCK GR0 (Cordura),1,Compact version of GR1 (formerly Echo); for smaller frames.,Clamshell,No,4.25,No,No,1,16.5,https://www.goruck.com/en-gb/products/gr0-cordura,Internal sleeve,no,No,No,1000D Cordura or also Ballistic Nylon,13,no,USA,No,https://www.goruck.com/cdn/shop/files/gr0.jpg?v=1767723783,245,front,Yes,Backpack,16,,Lifetime,0,2.2,11.5
Goruck GR1 21L,1,,Clamshell,no,5.5,No,No,1,18,https://www.goruck.com/products/gr1-usa?variant=44795832664164,External compartment,no,No,No,1000D Cordura or also in X-PAC or Waxed Canvas,15,No,USA,No,https://www.goruck.com/cdn/shop/files/21L_COYOTE_1_1800x1800.jpg?v=1741709284,335,top,Yes,Backpack,21,,Lifetime,0,2.8,11.5
Goruck GR1 26L,1,,Clamshell,no,6.8,No,No,1,20,https://www.goruck.com/products/gr1?variant%3D32978334744676&sa=D&source=editors&ust=1740763376057670&usg=AOvVaw1cRS8m3L-45hc7xgVurj8_,External compartment,no,No,No,1000D Cordura or also in X-PAC or Waxed Canvas,16,No,USA,No,https://www.goruck.com/cdn/shop/files/26L_ranger_green_1800x1800.jpg?v=1736267455,345,top,Yes,Backpack,26,,Lifetime,0,3.2,12
GORUCK GR1 Dyneema 21,1,,Clamshell,no,5.5,No,No,1,18,https://www.goruck.com/products/gr1-dyneema&sa=D&source=editors&ust=1740763376059003&usg=AOvVaw1nDe-Ai22gof8ZkFfsWNlH,External compartment,no,No,No,Dyneema,15,No,USA,No,https://www.goruck.com/cdn/shop/files/21_06fa696f-84a4-460a-96d2-6436aae0dd6e_1400x.jpg?v=1737394058,495,top,Yes,Backpack,21,,Lifetime,0,2,11.5
GORUCK GR1 X-PAC,1,,Clamshell,no,5.5,No,No,1,18,https://www.goruck.com/products/gr1-x-pac-usa?variant%3D4471500957296&sa=D&source=editors&ust=1740763376060570&usg=AOvVaw0Y_G3PInSijQDuAo6hCb9W,External compartment,no,No,No,X-PAC VX21,15,No,USA,No,https://www.goruck.com/cdn/shop/files/GR121LXPACCoyoteW_Coyote1copy_1800x1800.jpg?v=1741723491,425,top,Yes,Backpack,21,,Lifetime,0,2.3,11.5
Goruck GR2 26L,1,MOLLE internal,Clamshell,no,7.5,No,No,1,18,https://www.goruck.com/products/gr2?variant%3D42853356044388&sa=D&source=editors&ust=1740763376061988&usg=AOvVaw0wgoxpoYlNRikfxIJzLZa4,,no,No,No,1000D Cordura w or 210D Back Panel,16,No,USA,No,https://www.goruck.com/cdn/shop/files/26_RG_8441b5bf-85fb-4c5d-8a76-97fb7d82eb72_1800x1800.jpg?v=1740065179,405,front,Yes,Backpack,26,,Lifetime,0,3.9,12.5
Goruck GR2 34L,1,"MOLLE on front, side, internal",Clamshell,no,9,No,No,1,20.5,https://www.goruck.com/products/gr2&sa=D&source=editors&ust=1740763376063373&usg=AOvVaw1rNXkgyfziXp5bh1nzefjH,,no,No,No,1000D Cordura w or 210D Back Panel,17,No,USA,No,https://www.goruck.com/cdn/shop/files/34L_RG_1800x1800.jpg?v=1740065179,415,front,Yes,Backpack,34,,Lifetime,0,3.9,12.5
Goruck GR2 40L,1,"MOLLE on front, side, internal",Clamshell,no,9,No,No,1,22,https://www.goruck.com/products/gr2?variant%3D42145504133220&sa=D&source=editors&ust=1740763376064784&usg=AOvVaw0hVwEMIM3MbdMBqk6GJkKF,,no,No,No,1000D Cordura w or 210D Back Panel,17,No,USA,No,https://www.goruck.com/cdn/shop/files/black_40_1800x1800.jpg?v=1740065179,425,front,Yes,Backpack,40,,Lifetime,0,4.5,12.5
GORUCK KR1 2.0 (Kid Ruck),1,Built for kids; includes internal tablet sleeve and velcro for patches.,Half Zip,No,4.75,No,No,1,14.5,https://www.goruck.com/en-gb/products/kr1-2-0-kid-ruck,Internal sleeve,no,No,No,1000D Cordura,11,no,USA,No,https://www.goruck.com/cdn/shop/files/KR1_Ranger_Green_Coyote_1_copy.jpg?v=1767725233,145,front,No,Backpack,13,Side,Lifetime,2,1.3,10.75
GORUCK Mesh Ruck,1,Fast-draining for beach/water; anti-rust Vislon zippers.,Clamshell,yes,5,No,No,1,18.5,https://www.goruck.com/en-gb/products/mesh-ruck,No,no,No,No,Coated Mesh or Robic Nylon,no,no,USA,No,https://www.goruck.com/cdn/shop/files/MeshRuck_Black_1copy.jpg?v=1767727029,125,top,No,Backpack,20,,Lifetime,0,1.8,12
GORUCK Shadow Ruck,1,"Lightweight, ""naked"" version of the GR1; no MOLLE or frame sheet.",Clamshell,No,6.75,No,No,1,20,https://www.goruck.com/en-gb/products/shadow-ruck,Internal sleeve,No,No,No,500D Cordura,15,No,USA,Yes,https://www.goruck.com/cdn/shop/files/Black_Shadow-3.jpg?v=1767726985,195,front,No,Backpack,21,,Lifetime,0,1.9,11.5
GORUCK Skate Ruck,2,Collab with Mike Vallely; includes Nylon Skate Straps for boards/mats.,Clamshell,yes,7,No,No,3,18.5,https://www.goruck.com/en-gb/products/skate-ruck,External compartment,2,No,No,1000D Cordura,14,yes,USA,No,https://www.goruck.com/cdn/shop/files/Skate_Ruck_Black_Woodland_Camo_1.jpg?v=1767726947,275,top & front,No,Backpack,18,,Lifetime,0,3.25,11.75
Gossamer Gear Vagabond Jet,1,,Toploader,2,6,No,No,2,18,https://www.gossamergear.com/products/vagabond-jet&sa=D&source=editors&ust=1740763376066199&usg=AOvVaw2pXNf67g8XcNFTbJUTBm0L,Internal sleeve,>10,No,No,210D Robic Nylon,16,No,USA,No,https://www.gossamergear.com/cdn/shop/files/VAGABOND-JET.png?v=1732128892&width=1100,125,front,Yes,Backpack,23,Side,1 year,2,1.6,11
Graphene-x LIMITLESS Backpack,1,"Dirty & wet compartment, insulated bottle compartments, Hideable mesh front net for bike helmet, etc. Hip belt removes to become fanny pack, Hidden pocket at back top, Back side access.",Clamshell,2,6.5,No,No,1,20,https://www.graphene-x.com/products/limitless-backpack-25l&sa=D&source=editors&ust=1740763376067564&usg=AOvVaw1Bg6B65_36YB6BO_YMIikn,External compartment,1,No,No,900D polyester matrix (Graphene integrated),16,No,Hongkong,No,https://cdn.shopify.com/s/files/1/0515/4514/5523/files/9_94aff49e-d428-44bf-ab49-1505bf9f7380.jpg?v=1696500546&width=1200&height=1221&crop=center,300,front,Yes,Backpack,25,Side,Lifetime,2,3.7,13
Greenroom Rainmaker,1,"Highly customizable, optional molle",Clamshell,4,8,No,No,2,15.5,https://www.greenroom136.com/online-store/Rainmaker-Brown-p181532216&sa=D&source=editors&ust=1740763376068960&usg=AOvVaw2DCi9q9N6JBlx4xY65T9Sj,,no,No,No,1000D Cordura or large 27L,15,No,Malaysia,No,"https://res.cloudinary.com/obt/image/upload/c_fill,w_400/v1601080113/carryons/rainmaker_s6wwzu.webp",135,side,Yes,Backpack,22,,Lifetime,0,3.7,11
Gregory Border 18,1,,Half Zip,no,6.3,No,No,2,18.5,https://www.gregory.com/outlet/border-18/1040884869.html&sa=D&source=editors&ust=1740763376070392&usg=AOvVaw36MeFu1FmchutTXjOoEvM5,Internal sleeve,5,No,Yes,210D High Density Nylon or 420D High Density Nylon,15,Yes,USA,No,https://www.belizia.fi/dw/image/v2/AATF_PRD/on/demandware.static/-/Sites-gregory-product-catalog/default/dw4bc53e49/images/gene/prod/zoom/139311-4869_01.jpg?sw=598&sh=897&sm=fit&sfrm=jpg,120,top,Yes,Backpack,18,Side,Lifetime,1,1.7,11.5
Gregory Retna 20,1,has additional tablet/iPad sleeve,Half Zip,no,8.3,No,No,1,19.7,https://www.gregory.com/packs/everyday/retna-20/150947XXXX.html,Internal sleeve,no,No,No,300D Polyester Ripstop with (Recycled),15,Yes,USA,No,https://eu.gregorypacks.com/dw/image/v2/AATF_PRD/on/demandware.static/-/Sites-gregory-product-catalog/default/dwfd81491b/images/gene/prod/medi/150947-a269.jpg?sw=227&sh=370,100,top,Yes,Backpack,20,Side,Lifetime,1,1.2,11.4
Gregory Retna 25,2,has additional tablet/iPad sleeve,Half Zip,no,9.1,No,No,1,20.5,https://www.gregory.com/packs/everyday/retna-25/150948A386.html,External compartment,2,No,No,300D Polyester Ripstop with (Recycled),15,Yes,USA,No,https://eu.gregorypacks.com/dw/image/v2/AATF_PRD/on/demandware.static/-/Sites-gregory-product-catalog/default/dwd1e3eff2/images/gene/prod/medi/150948-a387.jpg?sw=227&sh=370,110,top & front,Yes,Backpack,25,Side,Lifetime,1,1.4,11.8
Gregory Retna 28,2,has additional tablet/iPad sleeve,Half Zip,no,9.5,No,No,1,20.5,https://www.gregory.com/packs/everyday/retna-25/150948A386.html,External compartment,2,No,No,300D Polyester Ripstop with (Recycled),15,Yes,USA,No,https://eu.gregorypacks.com/dw/image/v2/AATF_PRD/on/demandware.static/-/Sites-gregory-product-catalog/default/dwe4dcfb41/images/gene/prod/zoom/150949-a269_01.jpg?sw=600&sh=900,120,top & front,Yes,Backpack,28,Side,Lifetime,1,1.6,11.8
Gregory Rhune 20,2,"has additional tablet/iPad sleeve, has harness/strap pockets",Half Zip,no,7.5,No,No,1,19,https://www.gregory.com/collections/rhune,External compartment,2,No,No,300D Polyester Ripstop with (Recycled),15,Yes,USA,No,https://www.gregory.com/dw/image/v2/BBZB_PRD/on/demandware.static/-/Sites-product-catalog/default/dw364364ef/collections/_gregory/Rhune/500x500/1_F23_Rhune20_Coyote_Front.jpg?sw=912&sh=912,120,top & front,Yes,Backpack,20,Side,Lifetime,1,1.9,12
Gregory Rhune 22,2,"has additional tablet/iPad sleeve, has harness/strap pockets",Half Zip,no,7.5,No,No,1,18.9,https://www.gregory.com/collections/rhune,External compartment,2,No,No,300D Polyester Ripstop with (Recycled),15,Yes,USA,No,https://eu.gregorypacks.com/dw/image/v2/AATF_PRD/on/demandware.static/-/Sites-gregory-product-catalog/default/dw8a9db05e/images/gene/prod/medi/143376-4869.jpg?sw=227&sh=370,130,top & front,Yes,Backpack,22,Side,Lifetime,1,2.1,13
Gregory Rhune 25,2,"has additional tablet/iPad sleeve, has harness/strap pockets",Toploader,no,7.9,No,No,1,20.1,https://www.gregory.com/collections/rhune,External compartment,2,No,No,300D Polyester Ripstop with (Recycled),15,Yes,USA,No,https://eu.gregorypacks.com/dw/image/v2/AATF_PRD/on/demandware.static/-/Sites-gregory-product-catalog/default/dw8c86110b/images/gene/prod/medi/143377-a384.jpg?sw=227&sh=370,140,top & side,Yes,Backpack,25,Side,Lifetime,1,1.9,13
Gregory Rhune 28,2,"has additional tablet/iPad sleeve, has harness/strap pockets",Half Zip,no,9.5,No,No,1,18.9,https://www.gregory.com/collections/rhune,External compartment,2,No,No,300D Polyester Ripstop with (Recycled),15,Yes,USA,No,https://www.gregory.com/dw/image/v2/BBZB_PRD/on/demandware.static/-/Sites-product-catalog/default/dw0659850e/collections/_gregory/Rhune/500x500/150945-A384-SQUARE-22.jpg?sw=3000&sh=3000,150,top & front,Yes,Backpack,28,Side,Lifetime,2,2.2,12.6
GWA Citadel Gen.3 Mk2,2,"Has internal hook & Loop, velcro for customization, Luggage pass through accessoirce sold separately",Clamshell,2,7.3,No,No,3,19,https://gwacrew.com/products/g3mk2nb,External compartment,2,No,Yes,500D Cordura Nylon Body or 420D Pack Cloth Liner,15,Yes,USA,No,https://gwacrew.com/cdn/shop/files/g3mk2nb00combo.jpg?v=1735956185,350,front,Yes,Backpack,24,Side,Lifetime,2,2.6,11
GWA Citadel Mini Ranger Green,2,"Has internal hook & Loop, velcro for customization, Luggage pass through accessoirce sold separately. Interchangeable between backpack and sling",Clamshell,2,5.5,No,No,3,14,https://gwacrew.com/products/citadelminirg,Internal sleeve,2,No,No,500D INVISTA Cordura Nylon Body or 420D Pack Cloth Liner,14,No,USA,No,https://gwacrew.com/cdn/shop/files/citminrg01owh.jpg?v=1733870943,310,front,Yes,Backpack,13,Side,Lifetime,1,1.4,9.5
Halfday - The Roamer Backpack,2,Built-in interior pouch for shoes/laundry (up to size 12M) that clips away when not in use,Clamshell,no,8.5,Yes,35L,2,20,https://halfdaytravel.com/pages/about-halfday,External compartment,no,No,Yes,600D water- and abrasion-resistant poly,15,Yes,USA,No,https://halfdaytravel.com/cdn/shop/files/halfday-roamer-backpack-olive-KW-13061-Edit.png?v=1742394661&width=2000,128,front,Yes,Backpack,30,,Not specified,1,2.5,12.5
Hanchor Pipe T-1,1,,Clamshell,no,7,No,No,1,19.5,https://www.hanchor.com/products/Packing/PIPE_-T1?locale%3Den&sa=D&source=editors&ust=1740763376071824&usg=AOvVaw3ORjwuNCumD5tER_I9QClG,Internal sleeve,no,No,No,X-PAC VX21,13,No,Taiwan,No,https://www.hanchor.com/uploads/product_pic/pic/590/pipet1y.jpg,170,top,Yes,Backpack,24,front,1 year,2,1.4,11.5
Heimplanet Carry Essentials Neck Pouch (A5),1,,,no,0.4,No,,,7.5,,Not dedicated,no,No,No,420Dx330D Nylon,No,No,Germany,No,https://heimplanet.com/cdn/shop/files/Artikelbild_CE_Neck_Pouch_A5_001_7a7ecdbd-c5d2-49e8-8247-0c0d8bfd4254.jpg?v=1684217838,49,front,No,Sling,0.5,No,Lifetime,0,0.3,11
Heimplanet Carry Essentials Neck Pouch (A6),1,,,no,0.4,No,,,5.5,,Not dedicated,no,No,No,420Dx330D Nylon,No,No,Germany,No,https://heimplanet.com/cdn/shop/files/Artikelbild_CE_Neck_Pouch_A6_001_fb30be5f-bbb2-4a7d-bcc1-5d8631f86c1a.jpg?v=1684217896,45,front,No,Sling,0.3,No,Lifetime,0,0.3,8.1
Heimplanet Commuter Pack,2,Side access to main compartment,Rolltop,0,7.9,Yes,20L,1,25.2,https://en.heimplanet.com/products/carry-essentials-commuter-pack-schwarz,Internal sleeve,2,No,Yes,Nylon and and C6 or polyester,15,No,Germany,No,https://heimplanet.com/cdn/shop/products/60e5b4da711f56173792a65e_Artikelbilder_CE_Commuter_002_1024x1024.jpg?v=1660640574,155,front & side,Yes,Backpack,18,,Lifetime,0,1.9,11
Heimplanet Mono Series Minimal Pack,2,,Half Zip,no,3.9,No,No,1,19.7,https://en.heimplanet.com/products/mono-series-minimal-pack-diamond-black#infos,Internal sleeve,no,No,No,Dyecoshell Mono 300D polyester (Recycled),16,No,Germany,No,https://heimplanet.com/cdn/shop/files/Heimplanet-Mono-Series-Minimal-Pack-Diamond-Black-2_1024x1024.jpg?v=1719474178,120,front & side,No,Backpack,16,,Lifetime,0,1.6,11
Heimplanet Transit Line Daypack 24L,1,,Clamshell,no,11.8,No,No,1,19.7,https://en.heimplanet.com/products/transit-line-daypack-24l-black,External compartment,4,Yes,Yes,Dyecoshell 840D x 660D Nylon,16,Yes,Germany,No,https://heimplanet.com/cdn/shop/products/Heimplanet-Daypack-24L-Black-2_1024x1024.jpg?v=1705913087,190,front,Yes,Backpack,24,,Lifetime,0,2.2,7.1
Heimplanet Transit Line Sling Pocket,1,,,no,3.1,No,,,5.9,,Not dedicated,1,No,No,Dyecoshell 840D x 660D Nylon,No,Yes,Germany,No,https://heimplanet.com/cdn/shop/files/SlingPocket-1110.jpg?v=1684221457,89,front,No,Sling,2,No,Lifetime,0,0.7,9.8
Heimplanet Transit Line Sling Pocket XL,2,,,no,3.9,No,,,6.3,,Not dedicated,1,No,No,Dyecoshell 840D x 660D Nylon,No,Yes,Germany,No,https://heimplanet.com/cdn/shop/files/SlingPocketXL-1106.jpg?v=1684221581,99,front,No,Sling,3,No,Lifetime,0,0.8,11.8
Heimplanet Transit Line Travel Pack 28L,3,,Clamshell,2,7.5,No,No,2,19.7,https://en.heimplanet.com/products/taschen-transit_line-travel-pack-28-black,External compartment,4,Yes,Yes,DYECOSHELL,17,Yes,Germany,No,https://heimplanet.com/cdn/shop/products/23782_Product_1024x1024.jpg?v=1736864830,217,front,Yes,Backpack,28,Side,Lifetime,1,3.37,12.6
Heimplanet Transit Line Travel Pack 34 L,2,,Clamshell,2,7.5,No,No,2,21,https://en.heimplanet.com/products/taschen-transit_line-travel-pack-34-black,External compartment,4,Yes,Yes,Dyecoshell 840D x 660D Nylon,17,Yes,Germany,No,https://heimplanet.com/cdn/shop/products/23760_Product_1024x1024.jpg?v=1736864874,235,front,Yes,Backpack,34,Side,Lifetime,1,3.7,13.5
Hill People Gear COMMUTER,1,,Clamshell,4,4.5,,,2,17,,External compartment,6,Yes,No,,14,No,USA,No,https://hillpeoplegear.com/Portals/21/CVStoreImages/22b0af20-ca88-4cd2-b200-c09ae07c0036_1000.jpg,315,front,Yes,Backpack,24,Side,,1,2.25,11
ILE Equipment Default,2,Many color options,Rolltop,4,6,No,No,1,20,https://ilequipment.com/products/default-backpack,External compartment,4,No,No,1000D Cordura or X-PAC or X50 or VX21 or waxed canvas,16,Yes,USA,No,https://ilequipment.com/cdn/shop/products/Default_V2_009.jpg?v=1720466299&width=3000,240,front,Yes,Backpack,25,Side,Lifetime,2,3.2,12
ILE Equipment Default Mini,2,Many color options,Rolltop,4,5,No,No,1,18,https://ilequipment.com/collections/backpacks/products/default-mini?variant=31663139651664,External compartment,4,No,No,1000D Cordura or X-PAC or X50 or VX21 or waxed canvas,16,Yes,USA,No,https://ilequipment.com/cdn/shop/files/ILE_Default_Mini_Grey_Cordura_COBRA.jpg?v=1716843087&width=3000,220,front,Yes,Backpack,18,Side,Lifetime,2,2.6,11
ILE Equipment Default XL,2,Many color options,Rolltop,4,8,No,No,1,22,https://ilequipment.com/products/default-xl,External compartment,4,No,No,1000D Cordura or X-PAC or X50 or VX21 or waxed canvas,16,Yes,USA,No,https://ilequipment.com/cdn/shop/files/ILE_Default_XL_Forest_VX21_XPAC_COBRA.jpg?v=1716843292&width=3000,315,front,Yes,Backpack,40,Side,Lifetime,2,4,12
ILE Equipment Radius 21L,1,Many color options,Half Zip,no,6,No,No,1,19,https://ilequipment.com/products/radius,,no,No,No,1000D Cordura or X-PAC,16,No,USA,No,https://ilequipment.com/cdn/shop/products/Radius_V2_007.jpg?v=1716853703&width=3000,200,front,Yes,Backpack,21,Side,Lifetime,2,,11
ILE Equipment Radius Mini,1,Many color options,Half Zip,no,4,No,No,1,17,https://ilequipment.com/products/radius-mini,,no,No,No,1000D Cordura or X-PAC,16,No,USA,No,https://ilequipment.com/cdn/shop/products/ILE_RadiusMini_Navy_VX21XPAC_1.jpg?v=1716853949&width=1500,175,front,Yes,Backpack,14,Side,Lifetime,2,,10
Jansport Gnarly Gnapsack 30,1,,Half Zip,2,8,No,No,1,20,https://www.jansport.com/shop/en/jansport-us/heavy-duty-backpacks/gnarly-gnapsack-30-js0a47l4&sa=D&source=editors&ust=1740763376086358&usg=AOvVaw1onqPKUDdvnwsyZ2jUKjgm,,1,No,No,300D Ripstop Poly (Recycled),15,No,USA,No,https://m.media-amazon.com/images/I/81VmxQRV2LL._AC_SL1500_.jpg,75,top,Yes,Backpack,30,Side,30 years,2,2,12
Jansport Main Campus,1,,Half Zip,2,8.5,No,No,1,16.5,https://www.jansport.com/shop/en/jansport-us/big-student-family/main-campus-js0a4qul&sa=D&source=editors&ust=1740763376088068&usg=AOvVaw0yIPS95_zp2CfRmWRrS_2n,,no,No,No,600D Polyester (30%) (Recycled),15,No,USA,No,https://www.bambinijo.com/cdn/shop/files/1_f418bbb8-5979-439e-8054-6f0bc0a7e1a9.jpg?v=1692515906&width=416,55,front,No,Backpack,32,Side,30 years,2,1.1,13
Jansport Odyssey,1,,Half Zip,2,12,No,No,1,19.5,https://www.jansport.com/shop/en/jansport-us/backpacks/odyssey-backpack-t14g&sa=D&source=editors&ust=1740763376089981&usg=AOvVaw0KYBZE5BMO2H0x1csH-0LT,,5,No,No,,15,No,USA,No,https://assets.trailspace.com/assets/4/c/b/13640907/RDRIF.jpg,100,top,Yes,Backpack,39,Side,30 years,2,2.9,14
JanSport Recharge Pack,1,Internal padded dividers & luggage trolley sleeve,Clamshell,No,6.7,No,No,1,19.7,https://www.jansport.com/products/recharge-pack,Internal sleeve,0,No,Yes,320D Crinkle Nylon,16,Yes,USA,No,https://www.jansport.com/cdn/shop/files/JS0A8981A4W-FRONT.png?v=1771969079&width=1600,90,Side,No,Backpack,28,Side,30 years,2,1.57,12.2
Jansport Right Pack,1,,Half Zip,no,5.5,No,No,1,17.5,https://www.jansport.com/shop/en/jansport-us/all-backpacks/right-pack-js0a4qva?variationId%3D7G7&sa=D&source=editors&ust=1740763376091856&usg=AOvVaw3y2YN8u3wNYbnMAyNmnp_b,Internal sleeve,no,No,No,915D Cordura with Premium Suede,15,No,USA,No,https://jansport.co.uk/cdn/shop/files/JS0A4QVB_KL9_side.jpg?v=1715174440&width=1946,70,front,No,Backpack,28,Side,30 years,2,1.5,12.5
Jansport Superbreak,1,,Half Zip,no,8.5,No,No,1,16.5,https://www.jansport.com/shop/en/jansport-us/backpacks/superbreak-js0a4qut&sa=D&source=editors&ust=1740763376093997&usg=AOvVaw22OpiGvi5f8iMMnAFC3-WV,,no,No,No,600D Polyester (30%) (Recycled),15,No,USA,No,https://images-na.ssl-images-amazon.com/images/I/51fSQbraW9L._SL500_._AC_SL500_.jpg,36,front,No,Backpack,26,Side,30 years,2,0.7,13
Jansport West Break,1,Compression strapss on front,Half Zip,2,6.5,No,No,1,17,https://www.jansport.com/shop/en/jansport-us/grey-backpacks-258006--1/west-break-js0a47kx&sa=D&source=editors&ust=1740763376095778&usg=AOvVaw3Zod4iSOuFPwbYTyPE4h75,,no,No,No,600D Polyester (30%) (Recycled),15,No,USA,No,https://www.virginmegastore.om/medias/194008-main.jpg?context=bWFzdGVyfHJvb3R8ODExMTh8aW1hZ2UvanBlZ3xhREl3TDJnMk55ODVOVFkxTXpRMU16RTJPRGswTG1wd1p3fGZkYmY2ZjVhMzNhZDg5MTIyYTM0MmQwYThmNGQ3OTQxYTQyMjQ3NzA1ZThjZDMyZjAxMzU2N2ZhYTgxNGM1ZDE,65,top,No,Backpack,28,Side,30 years,1,1.1,12.5
Kuhl Eskape 25,4,includes hip belt,Clamshell,2,9.5,No,No,3,20.5,,External compartment,>10,Yes,Yes,Nylon,17,No,USA,No,https://www.kuhl-uk.com/cdn/shop/files/707_eskape_25_backpack_pirate_blue_front.webp?v=1725810020,269,top & front,Yes,Backpack,25,Side,Lifetime,2,4.1,12.5
L.L.Bean Stowaway Pack,1,"1 small side pocketss
Front stash pocket",Half Zip,2,7,No,No,2,19,https://www.llbean.com/llb/shop/126140?page%3Dllbean-stowaway-pack&sa=D&source=editors&ust=1740763376100490&usg=AOvVaw3uLPd4_bqzehKoki5vSb7d,Not dedicated,1,No,No,70D polyester Ripstop (Recycled),No,No,USA,No,"https://hips.hearstapps.com/vader-prod.s3.amazonaws.com/1684261074-1669994698-llbean-stowaway-1669994684.png?crop=1xw:1.00xh;center,top&resize=980:*",65,top,Yes,Backpack,22,Side,Lifetime,2,0.9,10
Linus Tech Tips (LTT) Commuter Backpack,1,2x hidden side pockets underside of water bottle pockets,Clamshell,no,8,No,No,1,17.5,https://www.lttstore.com/products/commuter-backpack?_pos=1&_fid=bb2637eff&_ss=c,External compartment,>10,No,Yes,Polyester (Recycled),15,Yes,USA,No,https://www.lttstore.com/cdn/shop/files/5_af49c188-4b90-4546-b719-2c06db18e504.jpg?v=1740791204&width=1445,150,top,Yes,Backpack,20,Side,Limited Lifetime,2,2.6,11.5
LOCHBY Duo,1,Holds 2 favorite pens safely. Pocket-friendly slim design.,,,0.9,,,0,7,https://www.lochby.com/products/duo,,No,,,Waxed Canvas or Velvet,,yes,USA,,https://www.lochby.com/cdn/shop/files/2_387cde40-0f46-4877-a2f9-50b1f51bcb2b.jpg?v=1767535148&width=1000,29,,,Pouch,0.3,,1 Year,,0.09,2.5
LOCHBY Mini Venture Pouch,2,Pocket-sized. Zippers wrap slightly around the edges.,,,2.3,,,0,4,https://www.lochby.com/products/mini-venture-pouch,,No,,,Waxed Canvas,,yes,USA,,https://www.lochby.com/cdn/shop/files/69_1fe98e3e-74a1-4599-a87e-2e33d8b663f1.jpg?v=1769115896&width=1000,45,,,Pouch,1,,1 Year,,0.3,7.2
LOCHBY Quattro V2,1,Holds 4-8 pens. Interior upgraded to soft velvet. Offset pockets prevent clashes.,,,0.9,,,0,7,https://www.lochby.com/products/quattro-v2,,No,,,Waxed Canvas or Velvet,,yes,USA,,https://www.lochby.com/cdn/shop/files/76_e2d93350-a92e-417d-a7fc-4dce5024c0e6.jpg?v=1769109937&width=1000,39,,,Pouch,0.4,,1 Year,,0.12,4
LOCHBY Tool Roll,2,"Features 9 elastic loops, 1 zippered mesh pocket, and 3 large pockets.",,,1,,,0,4.3,https://www.lochby.com/products/tool-roll,,No,,,Waxed Canvas,,yes,USA,,https://www.lochby.com/cdn/shop/files/39_266734ee-93d6-41fe-ae28-c0dc0ec71582.jpg?v=1771278596&width=1000,49,,,Pouch,0.5,,1 Year,,0.34,7.95
LOCHBY Venture Pouch,2,"Two-sided design (loops on one side, pockets on other). D-rings for attaching a strap.",,,2,,,0,4.75,https://www.lochby.com/products/venture-pouch,,Yes,,,Waxed Canvas,,yes,USA,,https://www.lochby.com/cdn/shop/files/venture-pouch-267769.jpg?v=1767547428&width=1000,49,,,Pouch,1.4,,1 Year,,0.34,9
Matador Freerain Waterproof Packable,1,,Rolltop,2,3,Yes,4,1,5,,Not dedicated,,No,No,70D Robic Nylon UHMWPE Ultra-high-molecular-weight-polyethylene or PU waterproofing,No,No,USA,Yes,https://www.matadorequipment.com/cdn/shop/products/1HP_240Gray.jpg?v=1647630660&width=2400,60,front,No,Sling,2,No,,0,0.3,10
Matador GlobeRider35 Travel Backpack,2,,Clamshell,4,9,No,No,5,20.2,https://www.matadorequipment.com/products/globerider35-travel-backpack-2,Internal sleeve,4,Yes,Yes,420D Bluesign️ Nylon or PU waterproofing (Recycled),16,Yes,USA,No,https://rushfaster.com.au/cdn/shop/files/MatadorGlobeRider35TravelBackpack-Garnet_1.jpg?crop=center&height=740&v=1741779370&width=700,290,front,Yes,Backpack,35,Side,1 year,1,3.4,12.5
Matador Refraction Packable Backpack,1,,Half Zip,no,7.5,No,No,1,17,https://www.matadorequipment.com/products/refraction-packable-backpack?srsltid=AfmBOootqVAh44MTLbd3rtgiTXGmuFgANjJVf2Pgi1_eXv2l01k9NDWd,Not dedicated,no,No,No,100D Nylon or PU waterproofing (Recycled),14,No,USA,Yes,https://m.media-amazon.com/images/I/61TTPWXFNpL._AC_CR0%2C0%2C0%2C0_SX352_SY330_.jpg,60,front,Yes,Backpack,16,Side,3 years,2,0.5,10
Matador ReFraction Packable Sling,1,,,0,3,No,,1,5,,Not dedicated,,No,No,100D Nylon or PU waterproofing (Recycled),No,No,USA,Yes,https://www.matadorequipment.com/cdn/shop/files/4_ReFractionSlingBlue_240Gray.jpg?v=1689089373&width=2400,40,front,No,Sling,2,No,,0,0.3,9
Matador SEG28 Backpack,1,"Hidden pocket at back.
4 segmented pockets with external access.",Clamshell,4,9.5,No,No,4,20,https://www.matadorequipment.com/products/seg28-backpack&sa=D&source=editors&ust=1740763376103560&usg=AOvVaw1l5XAtY5I-uCPOcBDVpeT8,External compartment,>10,No,No,420D Bluesign Nylon UHMWPE,16,No,USA,No,https://wildbounds.com/cdn/shop/files/matador-seg28-backpack-packable-bags-28l-arctic-white-matseg28001w-35771351695527.jpg?v=1710149958,250,top,Yes,Backpack,28,Side,1 year,1,2.3,12
Millican Smith The Core Roll Pack 15L,1,,Rolltop,no,4.3,Yes,18L,1,17.7,https://homeofmillican.com/products/core-roll-pack-15l,Internal sleeve,1,No,No,Polyester RPET yarn made from waste (Recycled),13,No,UK,No,https://homeofmillican.com/cdn/shop/files/millican-the-core-roll-pack-15l-daysack-6_bcf88f6d-8675-4d3f-bc54-e365db0d1559.jpg?v=1696947416&width=823,85,front,No,Backpack,15,No,Lifetime,0,1.2,9.9
Millican Smith The Core Roll Pack 20L,1,,Rolltop,no,5.1,Yes,25L,1,19.7,https://homeofmillican.com/products/core-roll-pack-20l,Internal sleeve,1,No,No,Polyester RPET yarn made from waste (Recycled),17,No,UK,No,https://homeofmillican.com/cdn/shop/files/millican-the-core-roll-pack-20l-daysack-30_3b8fcf37-8dab-4214-a703-5aa2a7604612.jpg?v=1696946227&width=823,100,front,No,Backpack,20,No,Lifetime,0,1.3,11.4
Millican Smith The ORIGINAL Roll Pack 15L,3,,Rolltop,no,5.3,Yes,18L,1,17.7,https://homeofmillican.com/products/smith-the-original-roll-pack-15l?variant=55110353453434,External compartment,1,No,No,"Bionic DPX - RPET plastic (67%) and cotton (33%) or using (Custom Developed, Recycled)",13,Yes,UK,No,https://homeofmillican.com/cdn/shop/files/smith-the-original-roll-pack-15l-2.jpg?v=1741171355&width=823,160,front & side,Yes,Backpack,15,Side,Lifetime,2,1.8,11
Millican Smith The ORIGINAL Roll Pack 25L,3,,Rolltop,no,7,Yes,30L,1,20.5,https://homeofmillican.com/products/smith-the-original-roll-pack-25l,External compartment,2,No,No,"Bionic DPX - RPET plastic (67%) and cotton (33%) or using (Custom Developed, Recycled)",16,No,UK,No,https://homeofmillican.com/cdn/shop/files/smith-the-original-roll-pack-25l-113.jpg?v=1741185687&width=823,160,front & side,Yes,Backpack,25,Side,Lifetime,2,2.3,11
Millican Smith The Roll Pack 15L,1,,Rolltop,no,5.3,Yes,18L,1,17.7,https://homeofmillican.com/products/smith-the-roll-pack-15l,External compartment,1,No,No,Polyester RPET yarn made from waste (Recycled),13,Yes,UK,No,https://homeofmillican.com/cdn/shop/products/millican-smith-the-roll-pack-15l-daysack-4.jpg?v=1694443466&width=823,130,side,Yes,Backpack,15,No,Lifetime,0,1.8,11
Millican Smith The Roll Pack 18L,1,,Rolltop,no,5.9,Yes,22L,1,19.5,https://homeofmillican.com/products/smith-the-roll-pack-18l,External compartment,1,No,No,Polyester RPET yarn made from waste (Recycled),15,Yes,UK,No,https://homeofmillican.com/cdn/shop/files/millican-smith-the-roll-pack-18l-daysack-12_0330ffec-b3fe-4f03-b25d-22dd687b189b.jpg?v=1696950350&width=823,150,side,Yes,Backpack,18,No,Lifetime,0,1.9,10.9
Minaal Carry-on 3.0,1,"Hip belt, shoulder strap sold separately
Hideable waterbottle holder",Clamshell,2,8,No,No,2,21.5,https://www.minaal.com/products/carry-on-bag-3&sa=D&source=editors&ust=1740763376109557&usg=AOvVaw0HG5NiTgfH4ReVZwPBEJPY,,2,No,No,600D Picton,16,No,New Zealand,No,https://www.minaal.com/cdn/shop/products/2021206149_700x.jpg?v=1695335045,350,back,Yes,Backpack,35,Side,Lifetime,1,3.1,14
Minaal Daily 3.0,1,"2 laptop comprtments.
Shoulder strap sold separately.",Clamshell,no,6.5,No,No,2,17,https://www.minaal.com/products/daily-3-0-bag&sa=D&source=editors&ust=1740763376111600&usg=AOvVaw3qwNAHvA-8Sp2YrwivCZxf,External compartment,no,No,No,600D Picton,16,No,New Zealand,No,https://www.minaal.com/cdn/shop/products/2021206179_700x.jpg?v=1636932328,290,top,Yes,Backpack,21,,Lifetime,0,2.2,12.5
Mixed Works Falcon M,2,"Side zip acces to main compartment, helmet storage
Aluminum X frame",Rolltop,2,7.6,No,No,2,21.6,https://mixedworks.com/en/backpacks/falcon-m.html,Internal sleeve,no,Yes,No,Cordura 1000 outer shell or Waterproof X-PAC liner or YKK zippers and buckles,15,No,Poland,No,https://miro.medium.com/v2/resize:fit:880/0*MiJdB7Fufz2FsfSw,300,front & side,Yes,Backpack,27,No,Lifetime,0,2.65,13.6
Mixed Works Falcon S,2,"Side zip acces to main compartment, helmet storage
Aluminum X frame",Rolltop,2,6.8,No,No,2,19.5,http://www.mixedworks.com/en/backpacks/falcon-s.html&sa=D&source=editors&ust=1740763376113635&usg=AOvVaw3UepkQKVUFe2TLFmQJ5G4d,Internal sleeve,no,Yes,No,Cordura 1000 outer shell or Waterproof X-PAC liner or YKK zippers and buckles,15,No,Poland,No,https://www.carryology.com/wp-content/uploads/2018/12/Mixed-Works-Falcon-M.jpg,290,front & side,Yes,Backpack,20,No,Lifetime,0,2.2,12
Mixed Works Swift,1,,Half Zip,no,6.698,No,No,1,19.7,https://mixedworks.com/en/backpacks/swift.html,Internal sleeve,no,No,No,Cordura 1000 outer shell or Waterproof X-PAC liner or YKK zippers and buckles,15,Yes,Poland,No,https://blogger.googleusercontent.com/img/b/R29vZ2xl/AVvXsEjaGx5gpjHBUHMIybNA-e_n9a7D8PVNTyPK9AjpjROYj_a_Qn85Q07WtA-A1rc9p-XBiiGHBvV0xkDjXlHbgmlvaQJSVN-4pwTo7IsYeJ-_DAmHTvWyfxwCseL79cjPnYBUQG-XmBUM5KCu/s640/IMG_9427.jpg,220,front,Yes,Backpack,24,No,Lifetime,0,2.2,12.6
Moment Everything Backpack 17L,1,"Inside has tech compartments for mouse, mobile, pens, laptop and tablet/iPad",Clamshell,no,5.5,No,No,1,16.5,https://www.shopmoment.com/products/everything-backpack-17l-21l&sa=D&source=editors&ust=1740763376115180&usg=AOvVaw1bjfvUr6AfaVVKi4Nrp3Ps,External compartment,no,No,Yes,420D Nylon,14,Yes,USA,No,https://www.masterfoto.lv/357010-thickbox_default/moment-everything-backpack-17l-day-pack-workwear-106177.jpg,130,front,No,Backpack,17,Side,Lifetime,1,1.5,10.4
Moment Everything Backpack 21L,1,"Inside has tech compartments for mouse, mobile, pens, laptop and tablet/iPad",Clamshell,no,6,No,No,1,18.7,https://www.shopmoment.com/products/everything-backpack-17l-21l?variant=47464371847483&tab=specs,External compartment,no,No,Yes,420D Nylon,16,Yes,USA,No,https://www.syntex.tv/media/produkty/27956/moment-21l-everything-backpack-workwear-4.jpg,150,front,No,Backpack,21,Side,Lifetime,1,1.8,11.4
Moment Everything Backpack 28L Travel,2,"Inside has tech compartments for mouse, mobile, pens, laptop and tablet/iPad",Clamshell,no,6.9,No,No,2,20,https://www.shopmoment.com/products/everything-backpack?tab=specs,External compartment,no,No,Yes,420D Nylon,16,Yes,USA,No,https://dtz3um9jw7ngl.cloudfront.net/p/l/9020002M/9020002M.jpg,199,front & back,Yes,Backpack,28,Side,Lifetime,1,2.4,12.4
Moment MTW Backpack 17L,1,"Inside has tech compartments for mouse, mobile, pens, laptop and tablet/iPad",Half Zip,no,5.5,No,No,1,17.1,https://www.shopmoment.com/products/mtw-backpack?tab=specs,Internal sleeve,no,No,Yes,600D Nylon CPH (Recycled),16,Yes,USA,No,https://www.syntex.tv/media/produkty/22766/1_thumb_1682418020-1754682.jpg,130,front,Yes,Backpack,17,Side,Lifetime,1,1.8,11
Moment MTW Backpack 21L,1,"Inside has tech compartments for mouse, mobile, pens, laptop and tablet/iPad",Half Zip,no,5.5,No,No,1,18.7,https://www.shopmoment.com/products/mtw-backpack?tab=specs,Internal sleeve,no,No,Yes,600D Nylon CPH (Recycled),16,Yes,USA,No,https://www.mukama.com/cdn/shop/files/39866.jpg?v=1716506829,130,front,Yes,Backpack,21,Side,Lifetime,1,2.2,11.4
Mountain Hardwear Field Day™ 16L Backpack,2,laptop sleeve & tablet sleeve,Half Zip,no,6.3,No,No,1,18.5,https://www.mountainhardwear.com/p/field-day-16l-backpack-2109971.html?dwvar_2109971_color=351,Internal sleeve,4,No,No,210D high-tenacity Cordura Ripstop shell or 200D Plain Weave Polyester (Recycled),14,Yes,USA,No,https://m.media-amazon.com/images/I/61G+ufBVxXL._AC_UY580_.jpg,110,top,Yes,Backpack,16,Side,Lifetime,2,1.5,10.2
Mountain Hardwear Field Day™ 22L Backpack,2,laptop sleeve & tablet sleeve,Half Zip,no,8.7,No,No,1,19.2,https://www.mountainhardwear.com/p/field-day-22l-backpack-2109981.html?dwvar_2109981_color=318,Internal sleeve,4,No,No,210D high-tenacity Cordura Ripstop shell or 200D Plain Weave Polyester (Recycled),15,Yes,USA,No,https://media.mountainhardwear.com/i/mountainhardwear/2109981_318_f_tt?w=1536&h=1612,130,top,Yes,Backpack,22,Side,Lifetime,2,1.8,11
Mountainsmith Trippin Pack,1,,Half Zip,no,7,No,No,1,17.5,https://mountainsmith.com/collections/commuter-backpacks/products/trippin-packs,Internal sleeve,1,No,No,210d Robic Dynajin Nylon Ripstop UTS,15,No,USA,No,https://mountainsmith.com/cdn/shop/products/21-10401-75_TrippinPack_Salmon_Main.jpg?v=1653667376,60,front,No,Backpack,22,,Lifetime,0,1.5,10.3
MTN Ops Crux Backpack,2,"Cant find weight or Material of Nylon, but believe it is 1000D and guess 2.3lbs",Half Zip,no,7.5,No,No,1,18,https://www.511tactical.com/rush12-2-0-backpack.html&sa=D&source=editors&ust=1740763375907952&usg=AOvVaw0yMNy0PJm3cGjXT2gac4ga,External compartment,4,No,Yes,Nylon,15,Yes,USA,No,https://mtnops.com/cdn/shop/files/Crux_Front.png?v=1740762299&width=800,125,front & top,Yes,Backpack,24,No,Lifetime,0,2.3,12
Mystery Ranch 2 Day Assault,2,Military-heritage 3-ZIP design; body panel zipper to padded laptop sleeve; PALS webbing exterior; internal dump pockets; full-length plastic frame sheet; removable web waist belt; patented adjustable shoulder harness (S/M or L/XL sizing); YKK AquaGuard zippers,Toploader & Clamshell,2,11.25,No,,1,21,https://www.mysteryranch.com/2-day-assault-pack,External compartment,>5,Yes,No,500D Cordura,15,Yes,USA,No,https://www.mysteryranch.com/Products/2%20Day%20Assault%20113383_coyote-30.jpg?resizeid=5&resizeh=1200&resizew=1200,249,top,Yes,Backpack,27,No,Lifetime,0,3,12
Mystery Ranch Blitz 30,3,Full horseshoe-style zip; body panel zipper to padded laptop sleeve; 2x internal loop PALS panels; grommeted drain holes on side pockets; removable web waist belt; patented adjustable shoulder harness (S/M or L/XL sizing); YKK AquaGuard zippers,Clamshell,3,13.5,No,,1,20.5,https://www.mysteryranch.com/blitz-30-pack,External compartment,no,Yes,No,Cordura,15,Yes,USA,No,https://www.mysteryranch.com/Products/Blitz%2030%20113384_ponderosa-30.jpg?resizeid=6&resizeh=1600&resizew=1600,289,front & top,Yes,Backpack,29,Side,Lifetime,2,3.5,13
Mystery Ranch In & Out 18,1,"Daisy chain lashpoints on the front.
Stuffs into its own front pocket (8.5”x4.5”x4”)",Toploader,4,7.8,No,No,1,15.3,https://www.mysteryranch.com/in-and-out-pack&sa=D&source=editors&ust=1740763376119617&usg=AOvVaw0hutw8AZc0j9ojfhUMPUVG,Internal sleeve,>10,No,No,100D Cordura MiniRip,14,No,USA,Yes,https://safarisupply.co.nz/cdn/shop/files/In_and_Out_18-Aqua-OS-3QRT_500x.png?v=1738966043,89,top,Yes,Backpack,18,Side,Lifetime,2,0.8,9.3
Mystery Ranch In & Out 25,1,,Rolltop,2,9.3,No,No,1,19.5,https://www.mysteryranch.com/in-and-out-pack&sa=D&source=editors&ust=1740763376119617&usg=AOvVaw0hutw8AZc0j9ojfhUMPUVG,Internal sleeve,>10,No,No,Nylon 100 Robic Ripstop,15,No,USA,Yes,https://www.bfgcdn.com/1500_1500_90/502-9337-0611/mystery-ranch-in-and-out-25-daypack.jpg,99,top,Yes,Backpack,25,Side,Lifetime,2,0.9,9.8
Nitecore BP23 Backpack,3,Molle,Clamshell,0,5.9,No,No,4,18.5,https://www.511tactical.com/rush12-2-0-backpack.html&sa=D&source=editors&ust=1740763375907952&usg=AOvVaw0yMNy0PJm3cGjXT2gac4ga,Internal sleeve,>10,No,Yes,600D Polyester,15,Yes,USA,No,https://m.media-amazon.com/images/I/91AXQd710WL._UY1000_.jpg,75,front & top,Yes,Backpack,23,No,Limited Lifetime,0,2.3,11.4
Nomatic Backpack,1,"Retractable key lash
Expands to 24L +2.5""
RFID safe storage
Cord pass through inside bag
Velcro inside back panel for attachments",Clamshell,no,5,Yes,24L,3,18.5,https://www.nomatic.com/products/the-nomatic-backpack&sa=D&source=editors&ust=1740763376125099&usg=AOvVaw0c98AS5Rn3TKY0orspjdab,,no,No,No,Tarpaulin,15,No,USA,No,https://m.media-amazon.com/images/I/71xTH9L69yL.jpg,280,back,Yes,Backpack,20,Side,Lifetime,2,3.5,12
Nomatic Navigator Collapsible Pack 16L,1,Collapsible and packable.,Half Zip,no,6,No,No,1,19,https://www.nomatic.com/products/navigator-collapsible-backpack&sa=D&source=editors&ust=1740763376126978&usg=AOvVaw1mwNJ6pCk-05UCNns3SUXj,Internal sleeve,no,No,No,,16,No,USA,Yes,https://www.nomatic.com/cdn/shop/files/NVCOLL-BLK-01_NavigatorCollapsiblePack16L_Nomatic_Angle.png?v=1712523249,100,top,Yes,Backpack,16,Side,Lifetime,2,0.9,10.5
Nomatic Travel Bag 30L,1,"Duffle carry
Retractable key lash
Cord pass through inside bag
Lockable zippers",Clamshell,no,9,No,No,3,19,https://www.nomatic.com/products/nomatic-30l-travel-bag&sa=D&source=editors&ust=1740763376128844&usg=AOvVaw0Z1BDa1W_-J-HL5gV5JwvP,,no,No,No,Tarpaulin,15,No,USA,No,https://gomatic.co.uk/cdn/shop/products/Gomatic_30L_AngleFront_07022019_07022019.jpg?v=1630674980&width=1000,280,top,Yes,Backpack,30,top,Lifetime,1,3.5,13
Nomatic Travel Bag 40L,1,"Includes: Travel Bag, Waist Straps, Laundry Bag.
RFID security pocket.
Can be carried duffle style.",Clamshell,no,9,No,No,3,21,https://www.nomatic.com/products/nomatic-travel-bag&sa=D&source=editors&ust=1740763376130722&usg=AOvVaw2wAPbCBQ5Y4Gg3GqhuJF7q,,no,No,No,Tarpaulin and Ballistic 1680 D Nylon or Weather Resistant YKK Zippers,15,No,USA,No,https://gomatic.co.uk/cdn/shop/products/Gomatic_40L_AngleFront_20190702.jpg?v=1680594922,290,top,Yes,Backpack,40,Side,Lifetime,2,3.4,14
Nomatic Travel Pack,1,"Retractable key lash
Cord pass through inside bag
Lockable zippers
Expands to 30L +3.5""
RFID safe storage
Velcro inside back panel for attachments",Clamshell,no,6,Yes,30L,3,18.5,https://www.nomatic.com/products/the-nomatic-travel-pack&sa=D&source=editors&ust=1740763376132571&usg=AOvVaw2NKWYzekFB0DKOsMPOJhmE,,no,No,No,Tarpaulin,15,No,USA,No,https://m.media-amazon.com/images/I/71xTH9L69yL.jpg,300,back,Yes,Backpack,20,Side,Lifetime,2,4.2,12
North St. Bags Belmont Backpack 22L,1,"Has internal hook & Loop, velcro for customization",Toploader,no,6.5,Yes,23L,1,17.5,https://northstbags.com/collections/backpacks/products/belmont-backpack,Internal sleeve,2,No,No,1000D Cordura or EPX or Ecopak,16,No,USA,No,https://northstbags.com/cdn/shop/files/product-backpack-belmont-burgundy-teal_4d2c2290-f22a-41e2-9aa4-c89aaa7ff594.webp?v=1716499911&width=870,180,front,Yes,Backpack,22,Side,Lifetime,2,1.8,11
North St. Bags Davis Backpack 20L,1,,Rolltop,no,5.8,Yes,20L,1,18,https://northstbags.com/collections/backpacks/products/davis-daypack,Not dedicated,1,No,No,1000d Cordura,11,No,USA,No,https://northstbags.com/cdn/shop/files/product-daypack-davis-1000d-moss.jpg?crop=center&height=1200&v=1721858242&width=1200,150,front,Yes,Backpack,15,Side,Lifetime,2,1.3,10
North St. Bags Flanders Backpack 32L,2,has extra tablet/iPad sleeve,Rolltop,4,8,Yes,32L,1,18,https://northstbags.com/collections/backpacks/products/flanders-backpack,Internal sleeve,2,No,No,1000d Cordura,15,No,USA,No,https://northstbags.com/cdn/shop/files/product-backpack-flanders-1000d-midnight.jpg?crop=center&height=1200&v=1705447325&width=1200,240,front,Yes,Backpack,28,Side,Lifetime,2,2.3,12.5
North St. Bags Vancouver Daypack 13L,0,"Has internal hook & Loop, velcro for customization",Clamshell,no,5,No,No,1,16,https://northstbags.com/collections/backpacks/products/vancouver-daypack,Internal sleeve,>10,No,Yes,1000D Cordura or EPX or Ecopak,14,No,USA,No,https://northstbags.com/cdn/shop/files/product-daypack-front-coyote.jpg?v=1728945791&width=480,145,,Yes,Backpack,13,front,Lifetime,1,1,10
North St. Bags Weekender Backpack 28L,3,"Has internal hook & Loop, velcro for customization",Clamshell,4,8,No,No,3,18,https://northstbags.com/collections/backpacks/products/weekender-backpack,External compartment,>10,No,Yes,Ecopak EPX600,16,No,USA,No,https://northstbags.com/cdn/shop/products/product-backpack-weekender-black-keyshot.jpg?v=1729194214&width=480,345,top & front,Yes,Backpack,28,front,Lifetime,1,2.8,12
North St. Bags Weekender Meeting Bag,1,"Has internal hook & Loop, velcro for customization",Clamshell,4,3,No,No,1,15,https://northstbags.com/collections/backpacks/products/weekender-meeting-bag,Internal sleeve,6,No,No,Ecopak EPX600,14,No,USA,No,https://huckberry.imgix.net/spree/products/527550/original/wVqz4BQzpc_north-st-bags_usa_made_x-pac_weekender_meeting_bag_backpacks_0_original.jpg?auto=format%2C%20compress&crop=top&fit=fill&cs=tinysrgb&ar=4%3A5&fill=solid&fill-color=FFFFFF&ixlib=react-9.8.1,180,front,No,Backpack,10,,Lifetime,0,1.4,12.5
Northface Base Camp Voyager Daypack,1,"External daisy-chain webbing
Adjustable divider to separate clothes, shoes or other items between the top and bottom of the pack",Half Zip,no,5,No,No,1,18,https://www.thenorthface.com/en-us/bags-and-gear/backpacks-c224451/base-camp-voyager-daypack-pNF0A81DM?color%3DWZO&sa=D&source=editors&ust=1740763376134362&usg=AOvVaw0flVbfcbNKFBP7eHi8sisX,External compartment,>10,No,No,300D polyester tarpaulin with T (Recycled),16,No,USA,No,"https://assets.thenorthface.eu/images/t_img/f_auto,h_462,e_sharpen:60,w_462/dpr_2.0/v1770146587/NF0A81DM926-HERO/Base-Camp-Voyager-Daypack-TNF-Shady-BlueSummit-Navy-HERO.jpg",140,front,Yes,Backpack,26,Side,2 years,2,2.6,11
Northface Base Camp Voyager Travel Pack,1,"External daisy-chain webbing
Adjustable divider to separate clothes, shoes or other items between the top and bottom of the pack",Clamshell,no,6.5,No,No,3,19.5,https://www.thenorthface.com/en-us/bags-and-gear/backpacks-c224451/base-camp-voyager-travel-pack-pNF0A81DN&sa=D&source=editors&ust=1740763376136187&usg=AOvVaw1G-xP4HxYPcO5VJKY0XhuW,External compartment,>10,No,No,300D polyester tarpaulin with T (Recycled),16,No,USA,No,"https://assets.thenorthface.com/images/t_img/f_auto,h_400,w_344,e_unsharp_mask:100/dpr_2.0/v1723175138/NF0A81DN4WC-FRONT34/Base-Camp-Voyager-Travel-Pack-35L.png",170,front,Yes,Backpack,35,Side,2 years,2,3.5,12
Orbitkey 2-in-1 Tech Accessory Pouch Limited Edition,12,Twin pouch organization system (detachable desk pouch inside). Cable pass-through.,,,3.15,,,0,5.5,https://www.orbitkey.com/collections/tech-accessory-pouch/products/2-in-1-tech-accessory-pouch-limited-edition,,,,,600D Polyester Cyclepet w or PU lamination (Recycled),,yes,Australia,,https://www.orbitkey.com/cdn/shop/files/2-in-1TechPouch-Cobalt-1_80ee17d2-154c-4aec-8b72-3f55d473d558.jpg?v=1773626966&width=1200,79,,,Pouch,2.5,,2 Years,,0.57,9.05
Orbitkey Desk Pouch,2,"Efficient self-standing design, fold-down panel.",,,1.9,,,0,4.7,https://www.orbitkey.com/collections/desk-pouch/products/desk-pouch?variant=41007394586720,,,,,600D Polyester Cyclepet w or PU lamination (Recycled),,yes,Australia,,https://www.orbitkey.com/cdn/shop/files/DeskPouch-Terracotta-2.jpg?v=1773626017&width=1200,34.9,,,Pouch,1.3,,2 Years,,0.21,8.6
Orbitkey Essentials Pouch Trio,1,"Set of 3 pouches. Features adjustable floating dividers. Small & Medium are see-through/transparent. Dimension: Small pouch: 150mm/6” (L) x 110mm/4.3” (W), Medium pouch: 200mm/7.87” (L) x 140mm/5.5” (W), Large pouch: 245mm/9.6” (L) x 160mm/6.3” (W). Volume ca. 0.4l/0.8l/1.5l",,,1,,,1,6.3,https://www.orbitkey.com/products/essentials-pouch-trio,,,,,Nylon mesh or Polyester (Recycled),,yes,Australia,,https://www.orbitkey.com/cdn/shop/files/EssentialsPouchTrio-Black-5.jpg?v=1758605210&width=1200,35,,,Pouch,1.5,,2 Years,,0.2,9.6
Orbitkey Pencil Case,2,"Innovative central divider system, self-standing design.",,,1.9,,,0,3.5,https://www.orbitkey.com/collections/pencil-case/products/pencil-case?variant=42074232422496,,,,,600D Polyester Cyclepet w or PU lamination (Recycled),,yes,Australia,,https://www.orbitkey.com/cdn/shop/files/PencilCase-Lilac-3_d00a9af1-a538-41f7-89b6-71d82cf6b4b1.jpg?v=1751955238&width=1200,29.9,,,Pouch,1,,2 Years,,0.15,9.05
Osprey Aoede Airspeed Backpack,1,Hiden side pocket.,Half Zip,no,9,No,No,1,18.5,https://www.osprey.com/aoede-airspeed-backpack-aoedasbp20f23-451%23color%3DConcrete%252520Tan&sa=D&source=editors&ust=1740763376139814&usg=AOvVaw3-ry4QGK-UM6r2NkiukEem,External compartment,no,No,No,840D Ballistic polyester or treatment,16,No,USA,No,https://i.sportisimo.com/products/images/1912/1912504/700x700/osprey-aoede-airspeed-backpack-20_0.jpg,140,front,No,Backpack,21,Side,Lifetime,2,2.4,11.5
Osprey Aoede Briefpack,1,NB: Weight from Amazon.,Clamshell,no,9.5,No,No,2,18,https://www.osprey.com/aoede-briefpack-aoedbfpk22f23-550%23color%3DConcrete%252520Tan&sa=D&source=editors&ust=1740763376141656&usg=AOvVaw0hX10B2_phT4el-8MmKHHS,External compartment,no,No,No,840D Ballistic polyester or treatment,16,No,USA,No,https://www.osprey.com/gb/media/catalog/product/cache/abe3291c0df436fc8c93ebe9dd5c32fc/a/o/aoede_briefpack_black_1000x1000_3_1.jpg,150,front,No,Backpack,22,,Lifetime,0,2.4,13
Osprey Daylite Carry-On Travel Pack 35,1,Locking zippers,Clamshell,2,10,No,No,3,19.5,https://www.osprey.com/daylitetm-carry-on-travel-pack-35?color%3DTumbleweed%252520Yellow%25252FTunnel%252520Vision&sa=D&source=editors&ust=1740763376143418&usg=AOvVaw2hrf5NgLDUgbeaitguHTZs,External compartment,4,No,Yes,300D polyester (Recycled),16,No,USA,No,https://www.osprey.com/gb/media/catalog/product/cache/abe3291c0df436fc8c93ebe9dd5c32fc/d/a/daylitetravelpack_35_f24_side_nightshift.jpg,120,top,Yes,Backpack,35,Side,Lifetime,2,2,14.5
Osprey Daylite Expandable Travel Pack 26+6 (2024),1,Main compartment expansion 2”/6L internal capacity,Clamshell,no,6,Yes,32L,3,17,https://www.osprey.com/daylitetm-expandable-travel-pack-26-6?color%3DBlue%252520Spikemoss%25252FAlkaline&sa=D&source=editors&ust=1740763376146593&usg=AOvVaw3VFsjFzlqKWbtDj8c5ELMm,External compartment,4,No,Yes,300D polyester (Recycled),16,No,USA,No,https://m.media-amazon.com/images/I/61xT4S1INUL._AC_SS300_.jpg,100,top,Yes,Backpack,26,Side,Lifetime,2,1.9,13
Osprey Fairview 40,1,"Marketted as a ""womens"" pack.
Compression straps around front.
Lockable zippers.
3.5mm lightWire peripheral frame",Clamshell,4,8,No,No,2,22,https://www.osprey.com/us/en/product/fairview-40-travel-pack-FAIRVEW40F22_550.html&sa=D&source=editors&ust=1740763376147966&usg=AOvVaw3suhtD1SaQqP9ymgabZDF5,,>5,No,No,210D Nylon Mini Hex Diamond Ripstop,16,No,USA,No,https://www.snowcountry.eu/media/catalog/product/cache/31b8a3b5dbd0c4cbc4ada78b51a1a9c9/O/s/Osprey-Fairview40-S22-Side-ZirconRed-10003684_1.jpg,185,top,Yes,Backpack,40,,Lifetime,0,3.4,14
Osprey Farpoint 40,1,"Compression straps around front.
Lockable zippers.
Atilon framesheet",Clamshell,4,9,No,No,2,21.5,https://www.osprey.com/us/en/product/farpoint-40-travel-pack-FARPONT40F22_550.html&sa=D&source=editors&ust=1740763376149367&usg=AOvVaw00enVoVQFLZ42ucbZYZwHF,,>5,No,No,210D Nylon Mini Hex Diamond Ripstop,16,No,USA,No,https://m.media-amazon.com/images/I/81UbFGT3A3L._AC_SL1500_.jpg,185,top,Yes,Backpack,40,,Lifetime,0,3.5,14
Osprey Nebula 32,1,,Half Zip,4,11.5,No,No,0,19.5,https://www.osprey.com/nebula-32-nebula32f22-4%23color%3DGreen%252520Tunnel%252520Brindle%252520Brown&sa=D&source=editors&ust=1740763376152220&usg=AOvVaw0zpmIvsQ8d770u9y-Ly0Dh,,1,No,No,420D Nylon (Recycled),16,No,USA,No,https://store.adaptoutdoors.com/images/products/S/S2/s24_nebula_greentunnelbrindlebrown_10005364_3-2.jpg?width=1998&height=1998&quality=85&mode=pad&format=webp&bgcolor=ffffff,140,top,Yes,Backpack,32,Side,Lifetime,2,2.1,12
Osprey Porter Travel Pack 30,1,"StraightJacket compression straps with padded sidewalls protect your contents and compress the bag to a smaller size
Lockable zippers on main and laptop compartments
Tuckaway web loops to attach a shoulder strap (sold separately)",Clamshell,2,8,No,No,2,19.5,https://www.osprey.com/us/en/product/porter-travel-pack-carry-on-30-PORTER30F20_550.html&sa=D&source=editors&ust=1740763376153618&usg=AOvVaw33hhMubgYjsPDGiyiSdhXs,,2,No,No,500D Nylon Packcloth (Recycled),16,No,USA,No,https://www.bfgcdn.com/1500_1500_90/502-8270-0311/osprey-porter-30-travel-backpack.jpg,165,top,Yes,Backpack,30,,Lifetime,0,2.8,12.5
Osprey Porter Travel Pack 46,1,"StraightJacket compression straps with padded sidewalls protect your contents and compress the bag to a smaller size
Lockable zippers on main and laptop compartments
Tuckaway web loops to attach a shoulder strap (sold separately)",Clamshell,2,9,No,No,2,21.5,https://www.osprey.com/us/en/product/porter-travel-pack-46-PORTER46F20_202.html&sa=D&source=editors&ust=1740763376154997&usg=AOvVaw25lFJvCQHDO_DOINzD4d6i,,2,No,No,500D Nylon Packcloth (Recycled),16,No,USA,No,https://www.gapyeartravelstore.com/wp-content/uploads/osprey-sojourn-porter-46-brindle-brown.jpg,185,top,Yes,Backpack,46,,Lifetime,0,3.3,14
Osprey Transporter Carryon 44,1,,Clamshell,no,12,No,No,2,22,https://www.osprey.com/transporter-carry-on-44-transco44f21-451%23color%3DConcrete%252520Tan&sa=D&source=editors&ust=1740763376157698&usg=AOvVaw3KaUiT8kzzn3iL0yRvm07w,External compartment,no,No,Yes,450D polyester T (Recycled),16,No,USA,No,https://www.tauntonleisure.com/images/transporter_carry-on_44_f19_side_westwind_teal_1.jpg?width=1998&height=1998&quality=85&mode=pad&format=webp&bgcolor=ffffff,220,top,Yes,Backpack,44,,Lifetime,0,3.3,14
Osprey Transporter Travel Pack 36,1,,Clamshell,no,12.6,No,No,2,19.3,https://www.osprey.com/transporter-global-carry-on-transgcof21-550%23color%3DVenturi%252520Blue&sa=D&source=editors&ust=1740763376159307&usg=AOvVaw3DSJ8tXpbpqsCIhCh4Mrrn,External compartment,>10,No,Yes,630D NanoTough high-tenacity Nylon w or Ripstop (Recycled),16,No,USA,No,https://www.osprey.com/gb/media/catalog/product/cache/abe3291c0df436fc8c93ebe9dd5c32fc/t/r/transportertravelpack36_s26_side_mysterywhite_3.jpg,225,top,Yes,Backpack,36,Side,Lifetime,1,3.2,16.5
Pakkable Arc I,1,Hidden Tracker Pocket,Clamshell,No,8.3,Yes,32L,1,18.9,https://pakkable.com/products/arc-i-backpack,External compartment,0,No,Yes,840D Cordura Nylon,16,Yes,Switzerland,No,https://pakkable.com/cdn/shop/files/1_864b988f-d6d6-4c51-9ef0-033a7c654b0f.png?v=1774988334&width=2048,190,Front,Yes,Backpack,28,Side,Lifetime,2,2.75,12.2
Pakt Everyday 15L Backpack,1,Removable water bottle pockets. Interchangeable between backpack and sling,Half Zip,no,4.5,No,No,3,17.5,https://paktbags.com/products/everyday-15l&sa=D&source=editors&ust=1740763376165258&usg=AOvVaw0IOZVKdZU_WKcA0JspN4gX,Internal sleeve,>10,No,No,500D Nylon (Recycled),16,No,USA,No,https://paktbags.com/cdn/shop/files/Sling-PAKT-6-14-23-25372_1576x.jpg?v=1695056523,185,front,No,Backpack,15,Side,Lifetime,1,1.6,11
Pakt Everyday 22L Backpack,1,Internal and external lash points.,Half Zip,no,6.5,No,No,2,19.5,https://paktbags.com/products/everyday-22l-backpack&sa=D&source=editors&ust=1740763376166664&usg=AOvVaw0R8zF--13vkopxMazQrDYV,Internal sleeve,>10,No,No,500D Nylon (Recycled),16,No,USA,No,https://paktbags.com/cdn/shop/files/EDC-22L-Backpack_8-1-23-28295_1200x.jpg?v=1717544314,245,front,No,Backpack,22,Side,Lifetime,2,2.2,11
Pakt The Travel Backpack 35L v2,1,"2 handles on same side for briefcase carry
Internal lash points.
Hidden pocket at rear.",Clamshell,2,8.5,No,No,4,21.5,https://paktbags.com/products/the-pakt-travel-backpack?variant%3D44241712316654&sa=D&source=editors&ust=1740763376168089&usg=AOvVaw34S3gNEvGgbaenN3CfOsL5,Internal sleeve,5,No,No,500D Nylon (Recycled),16,No,USA,No,https://paktbags.com/cdn/shop/files/PDP_35L_Backpack-PAKT-6-14-23-25208_3e013f02-c5af-449f-ae8e-8305ff68a362_1576x.jpg?v=1726099387,325,front,Yes,Backpack,35,Side,Lifetime,1,4.1,12.5
Pakt The Travel Backpack 45L v2,1,"2 handles on same side for briefcase carry
Internal lash points.
Hidden pocket at rear.
Hideable compression straps.",Clamshell,2,9.5,No,No,5,23.5,https://paktbags.com/products/the-pakt-travel-backpack?variant%3D44241715396846&sa=D&source=editors&ust=1740763376169588&usg=AOvVaw3crBxel-iKsLlc1Cu8KDwq,Internal sleeve,5,No,No,500D Nylon (Recycled),16,No,USA,No,https://paktbags.com/cdn/shop/files/Pakt_35L_Backpack_1200x.webp?v=1702666020,345,front,Yes,Backpack,45,Side,Lifetime,2,4.4,13
Patagonia Black Hole Mini MLC 30L,1,"Side lash points, front loops.",Clamshell,no,7,No,No,2,20,https://www.patagonia.com/product/black-hole-mini-mlc-convertible-backpack-30-liters/49266.html&sa=D&source=editors&ust=1740763376172679&usg=AOvVaw2kzoGEME66UMn1BGZIzZ8J,External compartment,>10,No,No,300D polyester ripstop (8.7 oz),15,No,USA,No,https://www.bfgcdn.com/1500_1500_90/502-6993-0911/patagonia-black-hole-mini-mlc-daypack.jpg,200,top,Yes,Backpack,30,Side,Lifetime,1,2.8,12
Patagonia Black Hole Pack 25L,1,Lash points centerd down front panel,Half Zip,no,6,No,No,1,19,https://www.patagonia.com/product/black-hole-pack-25-liters/49297.html&sa=D&source=editors&ust=1740763376174162&usg=AOvVaw1Tx2GxkE9KwBScr1M3UKkc,Internal sleeve,>5,No,No,300D polyester ripstop (8.7 oz),15,No,USA,No,"https://m.media-amazon.com/images/I/51B726YVNHL._AC_UF894,1000_QL80_.jpg",149,top,Yes,Backpack,25,Side,Lifetime,2,1.4,11
Patagonia Black Hole Pack 32L,1,Lash points centerd down front panel,Half Zip,no,8.5,No,No,2,20.5,https://www.patagonia.com/product/black-hole-pack-32-liters/49302.html&sa=D&source=editors&ust=1740763376175747&usg=AOvVaw2dTEWK59hF0g0oR7mxHDhR,External compartment,>5,No,No,300D polyester ripstop (8.7 oz),15,No,USA,No,https://www.themountainfactor.com/wp-content/uploads/2023/08/WBF24_49302_ENLB.jpg,169,top,Yes,Backpack,32,Side,Lifetime,2,1.7,11
Patagonia Refugio Daypack 26L,1,,Half Zip,2,6.5,No,No,1,17.5,https://www.patagonia.com/product/refugio-daypack-26-liters/47913.html&sa=D&source=editors&ust=1740763376177318&usg=AOvVaw3aorIwiIy66-ST-hfL7kql,External compartment,4,No,No,300D polyester ripstop (7.3 oz),15,Yes,USA,No,https://www.babipur.co.uk/cdn/shop/files/Patagonia-Refugio-Buckhorn-Green-26L.jpg?crop=center&height=1799&v=1722855316&width=1500,100,top,Yes,Backpack,26,Side,Lifetime,2,1.6,12
Patagonia Refugio Daypack 30L,1,,Half Zip,2,6.5,No,No,1,19,https://www.patagonia.com/product/refugio-daypack-30-liters/47928.html&sa=D&source=editors&ust=1740763376178715&usg=AOvVaw3B2Juz7tM2yz1Eb2VEGkJH,External compartment,>5,No,No,300D polyester ripstop (7.3 oz),15,No,USA,No,https://m.media-amazon.com/images/I/51kiPcohKRL._AC_UY1000_.jpg,120,top,Yes,Backpack,30,Side,Lifetime,2,1.8,12
Peak Design Everyday Backpack 20L,0,Has tablet sleeve,Clamshell,no,8.3,No,No,3,18.1,https://www.511tactical.com/rush12-2-0-backpack.html&sa=D&source=editors&ust=1740763375907952&usg=AOvVaw0yMNy0PJm3cGjXT2gac4ga,External compartment,4,No,No,400D double poly-coated -impregnated Nylon canvas shell,16,No,USA,No,https://cdn.shopify.com/s/files/1/2986/1172/files/everyday-backpack-ash-20-1.jpg?v=1725404940&width=3000&height=3000&crop=center,280,No,Yes,Backpack,20,Side,Lifetime,2,3.7,13
Peak Design Everyday Backpack 30L,0,Has laptop sleeve,Clamshell,no,10.6,No,No,3,19.1,https://www.511tactical.com/rush12-2-0-backpack.html&sa=D&source=editors&ust=1740763375907952&usg=AOvVaw0yMNy0PJm3cGjXT2gac4ga,External compartment,6,No,No,400D double poly-coated -impregnated Nylon canvas shell,16,No,USA,No,https://cdn.shopify.com/s/files/1/2986/1172/files/everyday-backpack-charcoal-30-1.jpg?v=1725404973&width=3000&height=3000&crop=center,300,No,Yes,Backpack,30,Side,Lifetime,2,3.9,13
Peak Design Everyday Backpack Zip 15L,0,,Clamshell,no,7.9,No,No,3,16.5,https://www.511tactical.com/rush12-2-0-backpack.html&sa=D&source=editors&ust=1740763375907952&usg=AOvVaw0yMNy0PJm3cGjXT2gac4ga,External compartment,6,No,No,400D double poly-coated -impregnated Nylon canvas shell,14,No,USA,No,https://cdn.shopify.com/s/files/1/2986/1172/files/everyday-backpack-zip-ash-15-1.jpg?v=1725405460&width=3000&height=3000&crop=center,200,No,Yes,Backpack,15,Side,Lifetime,2,2.5,11
Peak Design Everyday Backpack Zip 20L,0,Has laptop sleeve,Clamshell,no,8.2,No,No,3,18.5,https://www.511tactical.com/rush12-2-0-backpack.html&sa=D&source=editors&ust=1740763375907952&usg=AOvVaw0yMNy0PJm3cGjXT2gac4ga,External compartment,6,No,No,400D double poly-coated -impregnated Nylon canvas shell,14,No,USA,No,https://cdn.shopify.com/s/files/1/2986/1172/files/everyday-backpack-zip-midnight-20-2.jpg?v=1725405502&width=3000&height=3000&crop=center,220,No,Yes,Backpack,220,Side,Lifetime,2,2.9,11.4
Peak Design Outdoor Backpack 18L,0,"Shock cord at the front, 2 pockets on the straps",Clamshell,2,6.1,No,No,1,18.7,https://www.511tactical.com/rush12-2-0-backpack.html&sa=D&source=editors&ust=1740763375907952&usg=AOvVaw0yMNy0PJm3cGjXT2gac4ga,Internal sleeve,>10,No,No,Terra Shell 210D Ripstop Nylon (Recycled),13,No,USA,No,https://cdn.shopify.com/s/files/1/2986/1172/files/outdoor-backpack-18L-eclipse-16592.jpg?v=1748471043&width=3000&height=3000&crop=center,190,No,Yes,Backpack,18,Side,Lifetime,2,1.9,10.8
Peak Design Outdoor Backpack 20-25L,0,"Big dump pocket at the front, 2 pockets on the straps, hydration sleeve compatibel",Rolltop & Clamshell,no,5.9,Yes,25L,1,19.1,https://www.511tactical.com/rush12-2-0-backpack.html&sa=D&source=editors&ust=1740763375907952&usg=AOvVaw0yMNy0PJm3cGjXT2gac4ga,Internal sleeve,>10,No,No,Terra Shell 210D Ripstop Nylon (Recycled),16,No,USA,No,https://cdn.shopify.com/s/files/1/2986/1172/files/Outdoor-Backpack-25L-Cloud-2.jpg?v=1728691330&width=3000&height=3000&crop=center,250,No,Yes,Backpack,20,Side,Lifetime,2,2.5,11
Peak Design Outdoor Backpack 35-45L,0,"Big dump pocket at the front, 2 pockets on the straps, hydration sleeve compatibel, adjustable harness",Rolltop & Clamshell,no,6.7,Yes,45L,1,22.1,https://www.511tactical.com/rush12-2-0-backpack.html&sa=D&source=editors&ust=1740763375907952&usg=AOvVaw0yMNy0PJm3cGjXT2gac4ga,Internal sleeve,>10,No,No,Terra Shell 210D Ripstop Nylon (Recycled),16,No,USA,No,https://cdn.shopify.com/s/files/1/2986/1172/files/Outdoor-Backpack-45L-Eclipse-1.jpg?v=1728688577&width=3000&height=3000&crop=center,330,No,Yes,Backpack,35,Side,Lifetime,2,4,12.2
Peak Design Small Wash Pouch,6,"Stowable aluminum hook, magnetically-sealed toothbrush pocket, sits upright when open.",,,3.9,,,1,5.1,https://www.peakdesign.com/eu/products/wash-pouch?Size=Small&Color=Black,,,,,200D Nylon -impregnated shell,,yes,USA,,https://cdn.shopify.com/s/files/1/2986/1172/files/small-wash-pouch-sage-1_46906f05-60e2-4b00-858b-19e15676c74a.jpg?v=1762275810&width=700&height=700&crop=center,50,,,Pouch,1,,Lifetime,,0.39,10.2
Peak Design Tech Pouch Regular,18,"Origami-style internal pockets, external zip pocket has a cable pass-through for charging.",,,3.9,,,2,5.9,https://www.peakdesign.com/eu/products/tech-pouch?Size=Regular&Color=Coyote+X-Pac%E2%84%A2,,Yes,,,Coyote X-PAC or 400D Nylon (Recycled),,yes,USA,,https://cdn.shopify.com/s/files/1/2986/1172/files/tech-pouch-bone-2.jpg?v=1726885999&width=700&height=700&crop=center,60,,,Pouch,2,,Lifetime,,0.63,9.4
Peak Design Tech Pouch Small,5,"Origami-style internal pockets, external zip pocket has a cable pass-through for charging.",,,3.5,,,2,4.5,https://www.peakdesign.com/eu/products/tech-pouch?Size=Small&Color=Black,,Yes,,,400D Nylon canvas (Recycled),,yes,USA,,https://cdn.shopify.com/s/files/1/2986/1172/files/bags-tech-pouch-sm-coyote-studio4_658ac35c-449a-4ed8-a5a5-7d022e208e22.jpg?v=1738047053&width=700&height=700&crop=center,50,,,Pouch,1,,Lifetime,,0.43,9.4
Peak Design Travel Backpack 30L,1,"Back handle is luggage pass through
Top snap buttons and zip for compression (reduce by 5+10L)
Lockable zippers
Pockets on hip belt
3 hidden pockets",Clamshell,1,7,Yes,33L,5,21,https://www.peakdesign.com/products/travel-backpack-30l/?variant%3D39599894724685&sa=D&source=editors&ust=1740763376181366&usg=AOvVaw30KqkZSIqK0KRDo4Gk8FOd,External compartment,>5,No,No,Shell Weatherproof 400D Nylon canvas or bottom 900D Nylon or weatherproof zippers,16,No,USA,No,https://dtz3um9jw7ngl.cloudfront.net/p/l/937904B/937904B.jpg,230,top,Yes,Backpack,27,Side,Lifetime,2,3.2,13.5
Peak Design Travel Backpack 45L,1,"2 large side access panels
Back handle is luggage pass through
Pockets on hip belt
3 hidden pockets",Clamshell,1,9.5,Yes,45L,5,22,https://www.peakdesign.com/products/travel-backpack?variant%3D11530908172332&sa=D&source=editors&ust=1740763376182730&usg=AOvVaw00aG1k6y9IXK6jqF9GoIb0,,>5,No,No,Shell Weatherproof 400D Nylon canvas or bottom 900D Nylon or weatherproof zippers,16,No,USA,No,https://rushfaster.com.au/cdn/shop/files/PeakDesignTravelBackpack45LX-Pac-Coyote_1.jpg?v=1724471879&width=1200,300,top,Yes,Backpack,30,Side,Lifetime,2,4.5,13
Quechua NH Escape 500 16L,2,"12 pockets and functions to get you organised
2 compartments and numerous pockets (12), to separate and organise all your belongings.
One main compartment, with secure zip, including 2 pockets for 13” laptop and 10” tablet, raised to avoid impacts.
4 zipped pockets, 1 6.8"" phone pocket (left strap).",Half Zip,no,7.9,No,No,1,15.8,https://www.decathlon.ca/en/p/8736386/nh-500-hiking-backpack-23-l&sa=D&source=editors&ust=1740763376184257&usg=AOvVaw1s3IeR1ViiyGIHtA6B9Ebq,Internal sleeve,1,No,Yes,Polyester,13,Yes,France,No,https://contents.mediadecathlon.com/p2629947/k$7bffe090e2b465c9befc7cc7dcd4a67f/picture.jpg?format=auto&f=640x0,30,top & front,Yes,Backpack,16,Side,10 years,2,1.3,11
Quechua NH Escape 500 23L,2,"14 pockets and 3 compartments to keep you organised
- 3 compartments with numerous pockets (14), to separate and organise all your belongings,
- 1 secure zipped compartment, including 2 pockets for a 15” laptop and 13” tablet, raised to avoid impact,
- 5 zipped pockets,  1 6.8” phone pocket (left strap),",Half Zip,no,8.6,No,No,1,18.1,https://www.decathlon.ca/en/p/8736386/nh-500-hiking-backpack-23-l&sa=D&source=editors&ust=1740763376184257&usg=AOvVaw1s3IeR1ViiyGIHtA6B9Ebq,External compartment,1,No,Yes,Polyester,15,Yes,France,No,https://contents.mediadecathlon.com/p2629987/k$38c3a71f6f21ffc43960be149530f71e/picture.jpg?format=auto&f=640x0,40,top & front,Yes,Backpack,23,Side,10 years,2,2,11
Quechua NH Escape 500 32L,3,"15 pockets and 3 compartments for keeping your belongings organised
3 compartments and numerous pockets (15) to keep your belongings separate and well-organised.
1 compartment with a secure zip, including 2 pockets for a 17"" laptop and 15"" tablet, which are raised to avoid shocks.
7 zipped pockets, 1 x 6.8” phone pocket (left strap).",Half Zip,no,9.8,No,No,1,18.7,https://www.decathlon.ca/en/p/8736386/nh-500-hiking-backpack-23-l&sa=D&source=editors&ust=1740763376184257&usg=AOvVaw1s3IeR1ViiyGIHtA6B9Ebq,External compartment,1,No,Yes,Polyester,17,Yes,France,No,https://contents.mediadecathlon.com/p2630002/k$dd79bb52ac2e76eb77c8194a617d3ab2/picture.jpg?format=auto&f=640x0,50,top & front,Yes,Backpack,32,Side,10 years,2,2.3,11
Quechua NH Escape 500 Rolltop,1,"Stretch pocket on shoulder straps.
Semi-enclosed stretch side pockets.",Rolltop,no,8.5,Yes,27L,1,18,https://www.decathlon.com/products/hiking-backpack-23l-nh-escape-500-rolltop-334561?variant%3D39759467806782&sa=D&source=editors&ust=1740763376185982&usg=AOvVaw0ckTcq_ozSvdXvAryhaLw9,External compartment,1,No,No,Polyester,15,No,France,No,https://contents.mediadecathlon.com/p2183141/k$306fa5e66d8cf8342babd8dfdc08be16/picture.jpg?format=auto&f=640x0,60,side,Yes,Backpack,23,Side,10 years,2,1.8,11
REI Co-op Ruckpack 28 Recycled Pack,1,"Zippered back panel cover protects straps while in transport Hidden daisy chain at front
NOTE: reported weight seems incorrect. Should be 0.82 Kg / 1lb 13 oz",Clamshell,2,9,No,No,1,19.5,https://www.rei.com/product/176900/rei-co-op-ruckpack-28-recycled-daypack-mens&sa=D&source=editors&ust=1740763376189302&usg=AOvVaw2trnX_L2mnEMBgha3XbFhS,Internal sleeve,>5,No,No,Nylon shell or frame Rigid foam (Recycled),15,No,USA,No,"https://hips.hearstapps.com/vader-prod.s3.amazonaws.com/1722373509-reiruckpack1-66a95580e4f3b.jpg?crop=0.6666666666666666xw:1xh;center,top&resize=980:*",130,top,Yes,Backpack,28,Side,1 year,2,1.7,11
REI Co-op Ruckpack 40 Recycled Pack,1,"Zippered back panel cover protects straps while in transport 
Hidden daisy chain at front",Clamshell,2,9,No,No,3,25,https://www.rei.com/product/177403/rei-co-op-ruckpack-40-recycled-pack-mens&sa=D&source=editors&ust=1740763376191588&usg=AOvVaw08joZOiAl0k_sXMnPzO_0z,Internal sleeve,>5,No,No,Nylon shell or frame Rigid foam (Recycled),15,No,USA,No,https://www.travelandleisure.com/thmb/eYKNXQAeJu_dOCVPx4hJR3MsZtA=/1500x0/filters:no_upscale():max_bytes(150000):strip_icc()/rei-co-op-ruckpack-40-recycled-pack-cedar-2cd9daa495d4458397262642c786841f.jpg,150,top,Yes,Backpack,40,Side,1 year,2,2.8,14.5
Remote Equipment Alpha 31 Pack,1,"Top front zippered access to main compartment.
Molle at bottom.
Ice loops at front bottom.",Rolltop & Clamshell,4,8,Yes,36L,2,21.5,https://remoteeq.com/alpha-31-pack.html&sa=D&source=editors&ust=1740763376196421&usg=AOvVaw2EkXDruuThDPnXXXElqb3a,Internal sleeve,4,No,No,Ecopak EPX600,15,No,USA,No,https://m.media-amazon.com/images/I/51UeoM0SrpL.jpg,400,top,Yes,Backpack,31,Side,Lifetime,2,3.3,11.5
Remote Equipment Charlie 25 Pack,1,"Ice loops at bottom.
Lashpoint webbing sides and bottom.
2 compression each side, and 1 front center compression strap.",Toploader & Center Zip,5,6.5,Yes,30L,1,21,https://remoteeq.com/charlie-25-pack.html&sa=D&source=editors&ust=1740763376197864&usg=AOvVaw0tbZ5duNCVKS5WOzNDzhQp,Internal sleeve,>10,No,No,Ecopak EPX200,15,No,USA,No,https://images.squarespace-cdn.com/content/v1/5e578da0c71d6f472b1e86c2/1594814205820-5GZMYDUN9USZUY5BEQ55/White-2048-33.jpg,270,top,Yes,Backpack,25,Side,Lifetime,2,2.9,11
Rework Gear Outbound Travel Pack 30L,2,"Highlights: full clamshell opening, organized admin compartment, dedicated tech compartment (2 slots up to 17"" devices), mesh pocket with smart tracker slot, dual side pockets with drainage, four-sided grab handles, vertical luggage pass-through, external lash points, modular key leash, weather-resistant shell and zippers.",Clamshell,no,8,No,,4,20,https://reworkgear.com/products/outbound-travel-pack-30l,External compartment,6,Yes,Yes,840D Nylon 150D Ripstop Nylon YKK RC zippers #10 or #8 or #5 or Woojin buckles or WETOOL aluminum key clip,17,Yes,,No,https://reworkgear.com/cdn/shop/files/P1015654-Edit.jpg?v=1771894605&width=1100,209,top & front,Yes,Backpack,30,Side,Limited Lifetime,2,2.5,12.2
Rework Sling 5L,3,Fits iPad Mini and Nintendo Switch,Clamshell,2,4,No,No,,7,,Internal sleeve,2,No,No,420D Nylon (MIPAN regen - Recycled),8,Yes,USA,No,https://reworkgear.com/cdn/shop/files/DSC00515-Edit.jpg?v=1730150422&width=1445,89,front (2x) & back,No,Sling,5,Underneath,Lifetime,1,0.8,11
Rework Toshi 20L,3,"Fits two 16” laptops or tablets, front QAP is ambidextrous",Clamshell,no,6,No,No,1,18,,External compartment,2,No,Yes,840D Nylon or 210D Ripstop Nylon,16,Yes,USA,No,https://reworkgear.com/cdn/shop/files/DSC02325-Edit.jpg?v=1738958528&width=1680,189,top & front,Yes,Backpack,20,Side,Lifetime,2,2.25,11.6
Rofmia Daypack V2 L,2,,Clamshell,no,7.1,No,No,1,20.9,https://rofmia.com/en/products/daypack-v2-l,External compartment,no,No,No,5 oz Dyneema Composite Fabric DCF,16,Yes,Japan,No,"https://static.wixstatic.com/media/d088a3_3599f15c283746e4adfabeeeac152cc5~mv2.jpg/v1/fill/w_560,h_373,al_c,q_80,usm_0.66_1.00_0.01,enc_auto/d088a3_3599f15c283746e4adfabeeeac152cc5~mv2.jpg",585,top & front,Yes,Backpack,30,Side,Lifetime,2,2.2,12.2
Rofmia Daypack V2 M,2,,Clamshell,no,6.3,No,No,1,18.5,https://rofmia.com/en/products/daypack-v2-m,External compartment,no,No,No,5 oz Dyneema Composite Fabric DCF,16,Yes,Japan,No,"https://static.wixstatic.com/media/d088a3_1000ff4fddc84158a33cd68bff78f1ee~mv2.jpg/v1/fill/w_560,h_373,al_c,q_80,usm_0.66_1.00_0.01,enc_auto/d088a3_1000ff4fddc84158a33cd68bff78f1ee~mv2.jpg",551,top & front,Yes,Backpack,22,Side,Lifetime,2,1.8,11
Rushfaster Travel Backpack 36L,2,Stretch front pocket,Clamshell,4,7.87,No,No,1,21.46,https://rushfaster.com.au/products/rushfaster-travel-backpack,External compartment,10,No,No,420D Cordura Bluesign,16,Yes,Australia,No,https://rushfaster.com.au/cdn/shop/files/RushfasterTravelBackpack36L-Green_1.png?v=1775534880&width=1200,319,Top,Yes,Backpack,36,Side,3 years,2,3.09,12.99
Salkan The Carry-On 35L,1,"Removable compression straps.
Lashing points on front and top.
Pockets on hip belt.
Opening: Front-panel, side zipper, rolltop flap.",Clamshell,4,8.5,Yes,39L,3,21.5,https://www.discoversalkan.com/products/the-carry-on&sa=D&source=editors&ust=1740763376199496&usg=AOvVaw1_pf3W1-15Fw5aDz3EPZUq,External compartment,>10,No,No,900D COTNA Polyester with wax finish (Recycled),16,No,UK,No,https://www.discoversalkan.com/cdn/shop/files/Carry-On-Green-Green_741f359f-6a73-4f45-ab18-6f192bab65ef.jpg?v=1734387613&width=1946,260,back,Yes,Backpack,35,Side,Lifetime,2,4.1,12
Sample Dan Matsuda - Article 372C - 18L,2,Handmade.,Clamshell,no,6,No,No,1,19,https://samplebymatsuda.com/products/article-371-18l-1000d-black,Internal sleeve,>10,No,No,1000D Cordura or 1000D Cordura or Ecopak or X-PAC or Japanse Denim or Ultra or Dyneema or Sashiori Asanoha or Plaid or Sashiko,16,Yes,USA,No,https://suburban.com.hk/cdn/shop/files/imgi_39_PanelLoaderEPLX600BLK_04.png?v=1759661485,325,front,Yes,Backpack,18,,Not specified,0,,11
Savotta JÄÄKÄRI S,0,,Toploader,2,6.3,Yes,30L,1,17.7,,Internal sleeve,>10,No,No,1000D Cordura,14,No,Finland,No,https://www.savotta.fi/cdn/shop/products/Savotta_0038_jaakari-S-green_png.png?v=1646135282,150,No,No,Backpack,20,No,5 years,0,1.7,9.9
Savotta KAHAKKA 15L,1,,Toploader,4,6,Yes,30L,1,16.7,,Internal sleeve,>10,No,No,1000D Cordura,14,No,Finland,No,https://www.savotta.fi/cdn/shop/files/SavottaKahakka15LGreen.png?v=1718107986&width=1500,180,front,Yes,Backpack,15,Side,5 years,2,2.2,9.9
Savotta KAHAKKA 25L,2,hip belt,Toploader,4,7.5,Yes,30L,1,18.9,,Internal sleeve,>10,Yes,No,1000D Cordura,15,No,Finland,No,https://www.savotta.fi/cdn/shop/files/SavottaKahakka25LBrown.png?v=1718108722&width=1500,225,front,Yes,Backpack,25,Side,5 years,2,2.9,10.8
Six Moon Design All Day Carry Travel Backpack,1,"Adjustable harness.
35L for body only; 16L for pockets.
Weight for Ultra with shoulder and waist belt.
Removable compression strap and frame.",Clamshell,4,7,No,No,2,21.5,https://www.sixmoondesigns.com/products/all-day-carry-travel-backpack?srsltid%3DAfmBOoqBYO2RLJIJo5RdI5XlJlQDY0xg5SWBRnVv5blIYR7EYX-3wOLG%26variant%3D47724024529180&sa=D&source=editors&ust=1740763376200903&usg=AOvVaw0gx27EI6xmlnhh2GcGWLI1,External compartment,>10,No,No,Robic Nylon 100D and 200D or Ecopak EPX200 or ULTRA,15,No,USA,No,https://images.squarespace-cdn.com/content/v1/5b4544e485ede17941bc95fc/d63d3e14-18e1-4575-9ca9-49b9f19482ae/six-moon-designs-all-day-carry-%28adc%29.jpg,435,front,Yes,Backpack,35,Side,Lifetime,2,2.9,12
Solgaard Atlas Rolltop Backpack,2,"Includes packing ""closet""
Weight excludes packing closet.",Rolltop & Clamshell,2,7,Yes,31L,1,19,https://solgaard.co/products/atlas-rolltop-backpack?variant%3D43530201432237&sa=D&source=editors&ust=1740763376202414&usg=AOvVaw2Jvn8q2TZW-bdM-SOUozfd,External compartment,no,No,No,Shore-Tex,16,No,USA,No,https://solgaard.co/cdn/shop/files/Gallery-Atlas-34-Green.webp?v=1739566954,275,Top & Back,Yes,Backpack,27,Side,2 years,2,3.7,12
Stubble & Co Classic Backpack 15L,1,"Main compartment has tech organisation pockets for airpods, mouse, notebook, pens etc.",Half Zip,no,4.7,No,No,1,17.3,https://www.stubbleandco.com/products/classic-backpack-15l?variant=54856826945913,Internal sleeve,no,No,Yes,Waxed Canvas 14oz Tekwax dry or British Millerain Tekwax canvas,16,Yes,UK,No,https://www.stubbleandco.com/cdn/shop/files/classic-backpack-20l-black-studio-side-angle.jpg?v=1742461220&width=2048,140,front,No,Backpack,15,Side,2 years,1,2.5,11.8
Stubble & Co Commuter Backpack 20L,1,"Main compartment has tech organisation pockets for airpods, mouse, notebook, pens etc.",Half Zip,no,5.5,No,No,1,17.7,https://www.stubbleandco.com/products/the-commuter?variant=19865172967486,External compartment,no,No,No,Waxed Canvas 14oz Tekwax dry or British Millerain Tekwax canvas,16,Yes,UK,No,https://www.stubbleandco.com/cdn/shop/files/commuter-black-studio-side-view.jpg?v=1742461465&width=832,160,front,No,Backpack,20,Side,2 years,2,2.6,11.8
Stubble & Co Everyday Backpack 15L,1,"The body of the bag is made from waterproof materials, the seams have waterproof binding and we use water-resistant zips. Main compartment has tech organisation pockets for airpods, mouse, notebook, pens etc.",Half Zip,no,5,No,No,1,17.3,https://www.stubbleandco.com/products/everyday-backpack-15l,External compartment,no,No,Yes,900D PET (Recycled),16,Yes,UK,No,https://www.stubbleandco.com/cdn/shop/files/everyday-backpack-concrete-studio-front-view.jpg?v=1742461382&width=2048,150,front,Yes,Backpack,15,Side,2 years,2,2.4,11
Stubble & Co Everyday Backpack 20L,1,"The body of the bag is made from waterproof materials, the seams have waterproof binding and we use water-resistant zips. Main compartment has tech organisation pockets for airpods, mouse, notebook, pens etc.",Half Zip,no,5.5,No,No,1,18.1,https://www.stubbleandco.com/products/the-everyday-backpack,External compartment,no,No,Yes,900D PET (Recycled),16,Yes,UK,No,https://www.stubbleandco.com/cdn/shop/files/everyday-backpack-concrete-studio-front-view.jpg?v=1742461382&width=2048,160,front,Yes,Backpack,20,Side,2 years,2,2.5,11.8
Stubble & Co Hybrid Backpack 30L,2,"The body of the bag is made from waterproof materials, the seams have waterproof binding and we use water-resistant zips. Main compartment has tech organisation pockets for airpods, mouse, notebook, pens etc.",Clamshell,4,7.5,No,No,2,19.7,https://www.stubbleandco.com/products/hybrid-backpack-30l?variant=45932927516901,External compartment,>10,No,Yes,900D PET (Recycled),16,Yes,UK,No,https://www.stubbleandco.com/cdn/shop/files/hybrid-30l-black-studio-front-side-angle.jpg?v=1742461283&width=832,210,top & front,Yes,Backpack,30,Side,2 years,1,3.3,12.2
Stubble & Co THE ADVENTURE BAG,2,"The main body of the bag is made from waterproof materials, the seams have waterproof binding and we use water-resistant zips.",Clamshell,4,9,No,No,2,21,https://www.stubbleandco.com/products/the-adventure-bag?variant=44103172292837,External compartment,>10,Yes,Yes,Ripstop 200D PET or 900D PET or 200D PET or New 1200D PET (Recycled),16,No,UK,No,https://www.stubbleandco.com/cdn/shop/files/Adventure-Bag-in-tasmin-blue-front.jpg?v=1742461459&width=832,250,top & front,Yes,Backpack,42,Side,2 years,1,3.5,14
Stubble & Co The Backpack 20L,1,,Rolltop,no,5.5,No,No,1,18.1,https://www.stubbleandco.com/products/the-backpack?variant=40688402923706,Internal sleeve,no,No,Yes,Waxed Canvas 14oz Tekwax dry or British Millerain Tekwax canvas,16,No,UK,No,https://www.stubbleandco.com/cdn/shop/files/backpack-20l-pirate-studio-shoulder-straps.jpg?v=1742461425&width=832,160,front,No,Backpack,20,Side,2 years,2,2.6,12.2
Stubble & Co The Rolltop 15L,1,,Rolltop,2,4.3,Yes,18L,1,17.3,https://www.stubbleandco.com/products/the-roll-top-15l?variant=42549412167909,External compartment,1,No,Yes,900D PET (Recycled),13,No,UK,No,https://www.stubbleandco.com/cdn/shop/files/roll-top-15l-rust-studio-side-view.jpg?v=1742461405&width=832,140,front,Yes,Backpack,15,Side,2 years,2,2.2,11.4
Stubble & Co The Rolltop 20L,1,,Rolltop,2,5.5,Yes,23L,1,18.5,https://www.stubbleandco.com/en-us/products/the-roll-top-20l?gad_source%3D1%26variant%3D40445040197818&sa=D&source=editors&ust=1740763376204055&usg=AOvVaw3SQOvlWzjI2TT4Yv9NiZ-a,External compartment,1,No,Yes,900D PET (Recycled),16,No,UK,No,https://www.stubbleandco.com/cdn/shop/files/roll-top-20l-concrete-front-side-angle.jpg?v=1742461437&width=2048,155,front,Yes,Backpack,20,Side,2 years,2,2.5,12.5
Stubble & Co The Rolltop 30L,1,Detachable Waist Strap,Rolltop,2,6.7,Yes,35L,1,20.8,https://www.stubbleandco.com/en-us/products/the-roll-top-20l?gad_source%3D1%26variant%3D40445040197818&sa=D&source=editors&ust=1740763376204055&usg=AOvVaw3SQOvlWzjI2TT4Yv9NiZ-a,External compartment,1,No,Yes,900D PET (Recycled),16,No,UK,No,https://www.stubbleandco.com/cdn/shop/files/roll-top-30-green-studio-front-angled.jpg?v=1744096023&width=2048,175,front,Yes,Backpack,30,Side,2 years,2,3.1,13
SwissGear Getaway Pack,1,,Clamshell,2,8,No,No,2,18,https://www.swissgear.com/swissgear-5625-getaway-weekend-backpack-heather-gray&sa=D&source=editors&ust=1740763376205712&usg=AOvVaw0129uAq7RcONdGpPX9bzTu,External compartment,1,No,No,,15,No,Switzerland,No,https://m.media-amazon.com/images/I/91BCsJbzxgL._AC_SL1500_.jpg,70,top,No,Backpack,26,Side,10 years,1,2.1,11
Thule Aion,1,"Internal Removable TPU rolltop bag
Compatible with the Thule Aion Sling Bag which doubles up as a supportive hip belt 
Lockable zippers",Clamshell,no,9,No,No,3,20.5,https://www.thule.com/en-us/backpacks/backpacking-travel-backpacks/thule-aion-travel-backpack-40l-_-3204724&sa=D&source=editors&ust=1740763376207212&usg=AOvVaw3L3E7esZmReDSdiBCVFY72,,>10,No,No,,16,No,Sweden,No,https://www.thule.com/-/p/V2nVd8KK5-C8hLkEUTiPUCdYNnPqi2K3PPJbC9a-8As/rs:fit/h:991/cb:1.12/w:991/plain/approved/std.lang.all/16/11/1381611.png,200,top,Yes,Backpack,40,Side,Lifetime,1,3.2,13
Thule Subterra 2 Backpack 27L,2,has additional tablet/iPad sleeve,Half Zip,no,8.7,No,,,18.9,,External compartment,no,No,Yes,800D Nylon or polyester,16,Yes,Sweden,No,https://www.thule.com/-/p/rUSpKRM7DdijrYIGSCqWpG4PCp5uCvbVsvDFp44cWtc/rs:fit/h:1200/cb:1.6/w:1200/plain/approved/std.lang.all/51/24/1455124.png,175,front & back,Yes,Backpack,27,Side,5 years,2,2.1,13.4
Thule Subterra 2 Convertible Carry-On 40L,2,"has additional tablet/iPad sleeve, can be carried like a duffel, divider system for shoes etc. ",Clamshell,no,8.3,No,,2,21.7,,External compartment,no,No,Yes,800D Nylon or polyester,16,Yes,Sweden,No,https://www.thule.com/-/p/R1W-MYuFJGSF1aNBIbUQfn6YjNsDwo_i2KspzodKc0U/rs:fit/h:1200/cb:1.6/w:1200/plain/approved/std.lang.all/59/01/1455901.png,250,front & back,Yes,Backpack,40,Side,5 years,1,3.75,13.8
Thule Subterra Backpack 21L,2,has additional tablet/iPad sleeve,Half Zip,no,7.9,No,,1,18.1,,Internal sleeve,no,No,Yes,800D Nylon or polyester,16,Yes,Sweden,No,https://www.thule.com/-/p/rUSpKRM7DdijrYIGSCqWpG4PCp5uCvbVsvDFp44cWtc/rs:fit/h:1200/cb:1.6/w:1200/plain/approved/std.lang.all/51/24/1455124.png,150,front & back,Yes,Backpack,21,Side,5 years,2,1.9,12.6
Thule Subterra Backpack 26L,2,has additional tablet/iPad sleeve,Toploader & Clamshell,no,13,Yes,32L,1,19.9,,Internal sleeve,no,No,Yes,800D Nylon or polyester,16,Yes,Sweden,No,https://www.thule.com/-/p/CvtVypf7xeC7xjJe_IPfihUASQaP2IHhRPYQzY9UOvI/rs:fit/h:1200/cb:1.6/w:1200/plain/approved/std.lang.all/55/93/1455593.png,200,side & back,Yes,Backpack,26,Side,5 years,1,2.9,9.6
Timbuk2 Authority Laptop Backpack Deluxe,1,,Half Zip,no,5.3,No,No,1,18.9,https://www.timbuk2.com/collections/all-backpacks/products/1825-authority-laptop-backpack-deluxe,External compartment,no,No,Yes,Nylon (Recycled),17,Yes,USA,No,https://timbuk2uk.co.uk/cdn/shop/products/timbuk2-pack-authority-laptop-backpack-deluxe-titanium_1825-3-6212_front-Europe-e7c3c3c3c1c1c3c3-1989_4898a68c-84bc-4d1f-ad62-a4b378e1b45b_599x499@2x.jpg?v=1630568094,169,front,Yes,Backpack,20,Side,Lifetime,1,2.4,11.4
Timbuk2 Division Laptop Backpack Deluxe,1,,Half Zip,2,5.1,No,No,1,17.3,https://www.timbuk2.com/collections/all-backpacks/products/1859-division-laptop-backpack-deluxe,External compartment,no,No,Yes,Nylon (Recycled),15,No,USA,No,https://timbuk2uk.co.uk/cdn/shop/products/timbuk2-pack-division-laptop-backpack-deluxe-titanium_1859-3-6212_front-Europe-c7c3c3c1c3c3c3c3-1989_fca47da5-4eb0-4ee9-83e6-3df8428ab626_599x499@2x.jpg?v=1630568168,149,front,No,Backpack,18,Side,Lifetime,1,2.2,10.6
Timbuk2 Eco Cordura Alcatraz Backpack,2,,Half Zip,2,6,No,No,1,20.1,https://www.timbuk2.com/collections/all-backpacks/products/1208-eco-cordura-alcatraz-backpack,External compartment,no,No,No,Eco Cordura Canvas plastic bottles PET (Recycled),17,Yes,USA,No,https://content.cylindo.com/api/v2/4676/products/ALCATRAZBACKPACKCUSTOM/frames/4/ALCATRAZBACKPACKCUSTOM.JPG?background=EEEEEE&feature=ALCATRAZLAPTOP-BODYPANEL:UEC04&feature=ALCATRAZLAPTOP-BOOTPANEL:UEC05&feature=ALCATRAZLAPTOP-SIDEPANEL:UEC05&feature=ALCATRAZLAPTOP-BINDING:UGB01&feature=ALCATRAZLAPTOP-POCKET:WBP01&feature=ALCATRAZLAPTOP-POCKETCOLOR:PKT01&size=700,154,front,Yes,Backpack,18,Side,Lifetime,2,2.2,13
Timbuk2 Never Check Expandable Backpack,1,,Half Zip,2,6,Yes,28L,2,19,https://www.timbuk2.com/collections/travel-backpacks/products/5700-never-check-expandable-backpack&sa=D&source=editors&ust=1740763376211824&usg=AOvVaw3lqYfNSmHLoO4HGhhPNZtt,External compartment,no,No,No,,15,No,USA,No,https://timbuk2uk.co.uk/cdn/shop/products/timbuk2-pack-never-check-expandable-backpack-jet-black_5700-3-6114_front-Europe-c0c0c0c0c3c3c3c3-1989_b992e451-643c-48bd-9ddd-4d6fef6e1b87_599x499@2x.jpg?v=1630569348,210,front,Yes,Backpack,25,Side,Lifetime,1,2.6,11.5
Timbuk2 Parkside Laptop Backpack 2.0,3,"iPad slip pocket in front zippered zone, interior slip pocket for laptop",Half Zip,no,5.5,No,No,1,17.9,https://www.timbuk2.com/collections/all-backpacks/products/3840-parkside-laptop-backpack-20,External compartment,no,No,No,Nylon (Recycled),15,Yes,USA,No,https://static.bergzeit.com/product_gallery_zoom/iview_5053099-002_pic1.jpg,99,front,Yes,Backpack,25,Side,Lifetime,1,1.5,11.6
Timbuk2 Q Laptop Backpack 2.0,2,,Half Zip,no,5.1,No,No,2,18.5,https://www.timbuk2.com/collections/all-backpacks/products/3960-q-laptop-backpack-20,External compartment,no,No,Yes,Nylon (Recycled),17,Yes,USA,No,https://timbuk2uk.co.uk/cdn/shop/products/timbuk2-pack-q-laptop-backpack-2.0-gunmetal_3960-3-2003_front-Europe-e7c3c383c3c1c3c3-1989_537c03fb-aef4-4e55-8f91-bdb710097d2a_599x499_crop_center@2x.jpg?v=1630568973,129,front,Yes,Backpack,18,Side,Lifetime,1,2.1,11
Timbuk2 Robin Commuter Backpack,2,,Toploader,no,5.5,No,No,1,18.2,https://www.timbuk2.com/collections/all-backpacks/products/1354-robin-commuter-backpack,Internal sleeve,no,Yes,No,Coated Nylon,13,No,USA,No,https://timbuk2uk.co.uk/cdn/shop/products/timbuk2-pack-robin-commuter-backpack-jet-black_1354-3-6114_front-Europe-0303030300000008-1989_a6a6571d-cea7-4231-b515-8297c0dde322_599x499@2x.jpg?v=1630567664,189,front,Yes,Backpack,20,Side,Lifetime,2,2,10.4
Tom Bihn Addax 26,1,"3 Rolls: 26 Liters / 1585 cu. in.
1 Roll: 33 Liters / 2015 cu. in.
No Roll: 38 Liters / 2320 cu. in.",Rolltop,no,10,No,No,1,18.5,https://www.tombihn.com/products/addax-26?variant%3D42355530465469&sa=D&source=editors&ust=1740763376215787&usg=AOvVaw1a0Nt75-aP9Yq1kGmYSGAY,,no,No,No,X-PAC 1110g or 2lb 7oz or Ballistic 1200g or 2lb 10oz,15,No,USA,No,https://www.tombihn.com/cdn/shop/products/447211825-addax26_coy_mgrey.jpg?v=1695341734,300,front,Yes,Backpack,26,Side,Lifetime,1,2.4,13
Tom Bihn Bixi,1,,Clamshell,no,9.8,No,No,2,17,https://www.tombihn.com/collections/backpacks/products/bixi?variant=44384650494141,External compartment,1,No,Yes,630d High-Tenacity 2x2 Ballistic Nylon,16,No,USA,No,https://www.tombihn.com/cdn/shop/files/TB0133-UK-Bixi-AubergineBallistic.jpg?v=1721396971,355,front,Yes,Backpack,32,Side,Lifetime,1,2.8,14.2
Tom Bihn Brain Bag,1,"Main compartment 4"" deep, back compartment 3"" deep",Half Zip,4,9,No,No,1,18,https://www.tombihn.com/products/brain-bag?variant%3D31808802848831&sa=D&source=editors&ust=1740763376221333&usg=AOvVaw1YN1DPBf68CylUJikyx1Yq,Not dedicated,2,No,No,525 Ballistic Nylon,13,No,USA,No,https://matterful.co/wp-content/uploads/2020/11/tombihn-brainbag.jpg,240,top,Yes,Backpack,36,Side,Lifetime,1,3,14
Tom Bihn Daylight Backpack,1,,Half Zip,no,5.1,No,No,1,17.3,https://www.tombihn.com/collections/backpacks/products/daylight-backpack?variant=44552405614781,Internal sleeve,5,No,No,630D Ballistic Nylon,13,No,USA,Yes,https://i.pinimg.com/736x/c3/bd/e8/c3bde86ca14cb3c74c0de52fdac41e6e.jpg,120,front,Yes,Backpack,17,,Lifetime,0,1.1,11.8
Tom Bihn Paragon 2.0,1,,Half Zip,no,6.8,No,No,1,17.9,https://www.tombihn.com/collections/backpacks/products/paragon2?variant=44552326447293,Internal sleeve,4,No,No,630D Ballistic Nylon,16,No,USA,No,https://www.tombihn.com/cdn/shop/files/TB0927-NK-Paragon2-ConstellationBallistic.jpg?v=1716307997,209,front,Yes,Backpack,20,,Lifetime,0,1.5,13.4
Tom Bihn Shadow Guide 23,1,,Toploader,no,9,Yes,24L,1,19.3,https://www.tombihn.com/collections/backpacks/products/shadow-guide-23?variant=33013608874047,External compartment,6,No,Yes,525D Ballistic Nylon,15,No,USA,No,https://www.tombihn.com/cdn/shop/products/ShadowGuide23_Ursa.jpg?v=1625068211,300,top,Yes,Backpack,23,,Lifetime,0,2.2,12.6
Tom Bihn Shadow Guide 33,1,,Toploader,no,9,Yes,34L,1,21.7,https://www.tombihn.com/collections/backpacks/products/shadow-guide-33?variant=33013515485247,External compartment,6,No,Yes,525D Ballistic Nylon,17,No,USA,No,https://www.tombihn.com/cdn/shop/products/ShadowGuide33_Black.jpg?v=1604689248,310,top,Yes,Backpack,33,,Lifetime,,2.4,14
Tom Bihn Synapse 19,1,,Half Zip,no,8,No,No,1,16,https://www.tombihn.com/products/synapse-19?variant%3D42047222874301&sa=D&source=editors&ust=1740763376222860&usg=AOvVaw0H7HRAF0mGB46yGoYkhS_k,Not dedicated,no,No,No,200D Halcyon or Nylon Ripstop fabric or 400D Nylon lower back,13,No,USA,No,https://www.tombihn.com/cdn/shop/products/TB0112-CKGL.jpg?v=1742578092,240,front,Yes,Backpack,19,front,Lifetime,1,1.5,11.5
Tom Bihn Synapse 25,1,,Half Zip,no,9,No,No,1,20,https://www.tombihn.com/products/synapse-25?variant%3D42122649829565&sa=D&source=editors&ust=1740763376224339&usg=AOvVaw0YDY8baYkDDkLcMJAWaAjg,,no,No,No,200D Halcyon or Nylon Ripstop fabric or 400D Nylon lower back,15,No,USA,No,https://www.tombihn.com/cdn/shop/products/Synapse25_Guides_Constellation.jpg?v=1615223852,250,front,Yes,Backpack,25,front,Lifetime,1,1.8,13.5
Tom Bihn Synik 22,5,,Clamshell,no,7.1,No,No,1,16,https://www.tombihn.com/collections/backpacks/products/synik-22?variant=15334746652735#materials-specs,External compartment,1,No,Yes,X-PAC RX30 or 630D Ballistic Nylon or 420D HT Nylon Classic Parapack (Recycled),13,No,USA,No,https://www.tombihn.com/cdn/shop/files/TB0120-TK-Synik22-BurntBallistic-1_3000x.jpg?v=1716930062,335,front & top,Yes,Backpack,22,front,Lifetime,1,2.6,11.4
Tom Bihn Synik 26,5,,Clamshell,no,7.7,No,No,1,18,https://www.tombihn.com/collections/backpacks/products/synik-26?variant=44502640165053,External compartment,1,No,Yes,X-PAC RX30 or 630D Ballistic Nylon or 420D HT Nylon Classic Parapack (Recycled),15,No,USA,No,https://d141zx60z515qt.cloudfront.net/mp0f5df18998/pr66fa9eb802052b71fd7dc063/img62109_1200w.webp,340,front & top,Yes,Backpack,26,front,Lifetime,1,2.6,13.2
Tom Bihn Synik 30,5,,Clamshell,no,11,No,No,1,20,https://www.tombihn.com/products/synik-30?variant%3D41334236348605&sa=D&source=editors&ust=1740763376225937&usg=AOvVaw1TuQ6DoxdKc9-Mz_OSrd-R,External compartment,1,No,No,Ultralight 400d Halcyon or 420d Nylon Ripstop,15,No,USA,No,https://www.tombihn.com/cdn/shop/files/S30-GE-Wilderness-3.jpg?v=1732288361,345,front & top,Yes,Backpack,30,front,Lifetime,1,2.9,13.5
Tom Bihn Techonaut 30,1,,Clamshell,no,8,No,No,3,19.5,https://www.tombihn.com/products/techonaut-30?variant%3D42951394525373&sa=D&source=editors&ust=1740763376227777&usg=AOvVaw2EdMTIGnbOgjt8JnNKwIDJ,,no,No,No,400d Halcyon or 420d Nylon Ripstop,16,No,USA,No,https://graveyardshift.in/wp-content/uploads/2023/03/img_1791.jpg?w=914,400,top,Yes,Backpack,30,Side,Lifetime,1,2.2,12.5
tomtoc Aviator-T33 Chest Bag 1.5L,2,,,no,2.6,No,,,4.5,,Not dedicated,2,No,No,Nylon,No,Yes,China,No,https://www.tomtoc.com/cdn/shop/files/T33S1K1_bf61faed-49a2-4c6c-a70e-a5ec941787ae.png?crop=center&height=1600&v=1749717847&width=1600,39,front & back,No,Sling,1.5,No,2 years,0,0.48,8.3
tomtoc Aviator-T33 Chest Bag 2.5L,2,,,no,3.4,No,,,5.3,,Not dedicated,2,No,No,Nylon,No,Yes,China,No,https://www.tomtoc.com/cdn/shop/files/T33S2G1_d208a863-e8cf-48d9-be43-25bdc7e1071a.png?crop=center&height=1600&v=1743152310&width=1600,45,front & back,No,Sling,2.5,No,2 years,0,0.67,10.2
tomtoc Aviator-T33 Chest Bag 3.5L,2,,,no,3.4,No,,,5.9,,Not dedicated,2,No,No,Nylon,No,Yes,China,No,https://www.tomtoc.com/cdn/shop/files/T33M1K1_3fd08e00-0ba2-48bf-b84e-b6760243e355.png?crop=center&height=1600&v=1743152392&width=1600,49,front & back,No,Sling,3.5,No,2 years,0,0.69,11.4
tomtoc Aviator-T35 Chest Bag 1.5L X-Pac,2,,,no,2.8,No,,,4.5,,Not dedicated,2,No,No,X-PAC VX21 fabric or Nylon,No,Yes,China,No,https://www.tomtoc.com/cdn/shop/files/T35S1W1.png?crop=center&height=1600&v=1749711932&width=1600,62,front & back,No,Sling,1.5,No,2 years,0,0.52,8.3
tomtoc Aviator-T35 Chest Bag 2.5L X-Pac,2,,,no,3.5,No,,,5.3,,Not dedicated,2,No,No,X-PAC VX21 fabric or Nylon,No,Yes,China,No,https://www.tomtoc.com/cdn/shop/files/T35S2K1.png?crop=center&height=1600&v=1749710609&width=1600,68,front & back,No,Sling,2.5,No,2 years,0,0.7,10.2
tomtoc Aviator-T35 Chest Bag 3.5L X-Pac,2,,,no,3.5,No,,,5.9,,Not dedicated,2,No,No,X-PAC VX21 fabric or Nylon,No,Yes,China,No,https://www.tomtoc.com/cdn/shop/files/T35M1V1.png?crop=center&height=1600&v=1752809649&width=1600,76,front & back,No,Sling,3.5,No,2 years,0,0.75,11.4
tomtoc Explorer-T21 Sling Bag L,2,,,2,3.54,No,,,10.2,,Internal sleeve,2,No,No,Cordura Ballistic Nylon,13,Yes,China,No,https://www.tomtoc.com/cdn/shop/products/1600x16003_700x.jpg?v=1742873199,71,front & back,No,Sling,7,Underneath,2 years,1,1.43,15.75
tomtoc Explorer-T21 Sling Bag M,2,,,no,3.2,No,,,8.7,,Internal sleeve,2,No,No,Cordura Ballistic Nylon,11,Yes,China,No,https://www.tomtoc.com/cdn/shop/files/1_e63ad060-d7cf-4d2d-a324-dd95eedf7d7d_700x.jpg?v=1742873289,66,front & back,No,Sling,7,No,2 years,0,1.43,14.2
tomtoc Explorer-T21 Sling Bag S,2,,,no,3,No,,,5.9,,Internal sleeve,2,No,No,Cordura Ballistic Nylon,8,Yes,China,No,https://www.tomtoc.com/cdn/shop/files/15_b8fdee00-4a10-4f75-85c2-5bdaadc8865f.jpg?crop=center&height=1600&v=1752809366&width=1600,44,front & back,No,Sling,3,No,2 years,0,0.62,12.2
tomtoc Explorer-T21 Sling Bag S X-Pac,2,,,no,3,No,,,5.9,,Internal sleeve,2,No,No,X-PAC,8,Yes,China,No,https://www.tomtoc.com/cdn/shop/files/4_92cbe8de-ba76-4bb2-b555-b07f3fba8363_700x.jpg?v=1750825661,60,front & back,No,Sling,3,No,2 years,0,0.77,12.2
tomtoc Navigator-T66,2,Front access and full clamshell opening.,Clamshell,4,8.5,No,No,2,20.5,https://www.tomtoc.com/products/tomtoc-travel-backpack-40l&sa=D&source=editors&ust=1740763376229704&usg=AOvVaw13Z1vZVlbRyiL8jUyorZsH,Internal sleeve,no,No,No,,17,No,China,No,https://m.media-amazon.com/images/I/81oFM2j7X0L.jpg,81,top & front,Yes,Backpack,40,Side,2 years,2,2.6,13
tomtoc SlingBean-T32 Belt Bag,2,,,no,2,No,,,5.5,,Not dedicated,no,No,No,70D Nylon (Recycled),No,Yes,China,No,https://www.tomtoc.com/cdn/shop/files/95_f543d76d-eb52-41e6-96a6-86423ee49826.png?crop=center&height=1600&v=1752810447&width=1600,33,front & back,No,Sling,1.5,No,2 years,0,0.39,8.3
tomtoc TechPack-T73,2,,Clamshell,no,6.5,No,No,2,18.5,https://www.tomtoc.com/products/techpack-h73-x-pac-laptop-backpack&sa=D&source=editors&ust=1740763376231479&usg=AOvVaw1FgpqsRkIu0NU9gIITKVFN,,no,No,No,X-PAC front panel or Cordura ? mix,16,No,China,No,https://m.media-amazon.com/images/I/81sX85JYl6L.jpg,200,front & side,Yes,Backpack,30,Side,2 years,1,2.9,12
tomtoc VintPack-TA1,1,"Drawstring top closure with top covering flap.
Side zipper access. ipad/tablet sleeve",Toploader,no,6,No,No,2,17.5,https://www.tomtoc.com/products/vintpack-ta1-22l-laptop-backpack?variant%3D43819707302118&sa=D&source=editors&ust=1740763376233259&usg=AOvVaw13hM8pkYfygkJ_rBGu5uUh,Internal sleeve,>5,No,Yes,,16,No,China,No,"https://www.photospecialist.co.uk/_ipx/b_%23ffffff00,f_webp,fit_contain,s_484x484/https://www.kamera-express.nl/media/1f312217-c83c-4a15-a349-8c45c6d915c9/tomtoc-vintpack-ta1-22l-laptop-backpack-geel_1.jpg",80,top,Yes,Backpack,22,Side,2 years,2,2.1,12
tomtoc Wander-T26 Daily,2,,,2,3.7,No,,2,6.7,,Internal sleeve,2,No,No,Cordura Ballistic Nylon,8,Yes,China,No,https://cdn.shopify.com/s/files/1/0256/7979/0179/files/T26S1D1_3000x.png?v=1740128734,78,front & back,No,Sling,5.5,No,2 years,0,1.2,13
tomtoc Wander-T26 Daily X-PAC,2,,,2,3.7,No,,2,6.7,,Internal sleeve,2,No,No,X-PAC,8,Yes,China,No,https://www.tomtoc.com/cdn/shop/files/T26S1D2.png?crop=center&height=1600&v=1740128793&width=1600,99,front & back,No,Sling,5.5,No,2 years,0,1.2,13
tomtoc x U | Custom Sling Bag,2,,,no,3,No,,,5.9,,Internal sleeve,2,No,No,1260D Polyester or Matte Coated Fabric or X-PAC,8,Yes,China,No,https://www.tomtoc.com/cdn/shop/files/20250402-153931_49fbfc99-4cdc-4914-b84e-00559dce36d6_700x.jpg?v=1743579966,110,front & back,No,Sling,4,No,2 years,0,0.62,12.2
Topo Designs Classic Teardrop,1,Heritage silhouette & leather lash tabs,Toploader,0,6,No,No,1,18.5,https://topodesigns.com/products/classic-teardrop-backpack,Internal sleeve,2,No,No,1000D Recycled Nylon,14,Yes,USA,No,https://topodesigns.com/cdn/shop/files/S26-ClassicTeardropBackpack-ClassicBlue-932609431_2.webp?v=1779308561,99,Front,No,Backpack,20,No,Lifetime,1,1.19,12
Topo Designs Global Travel Bag 30L,1,Front lash points and loops.,Clamshell,no,7,Yes,35L,3,20,https://topodesigns.com/products/convertible-travel-bag-laptop-backpack-30l?variant%3D8546770452533&sa=D&source=editors&ust=1740763376235010&usg=AOvVaw1l30Do7SGqK0KXKSNmHpK0,External compartment,>5,No,No,1000D Nylon (Recycled),15,No,USA,No,"https://m.media-amazon.com/images/I/41TGfAxN0ZL._AC_QL92_SH45_UL240_SR240,220_.jpg",200,front,Yes,Backpack,30,Side,Lifetime,2,2.6,12.5
Topo Designs Global Travel Bag 40L,1,Front lash points and loops.,Clamshell,no,7.5,Yes,45L,3,22.5,https://topodesigns.com/products/convertible-travel-bag-laptop-backpack-40l?variant%3D42979679830069&sa=D&source=editors&ust=1740763376236865&usg=AOvVaw2zvtiVtgQytJTKZC3J6SoG,External compartment,>5,No,No,1000D Nylon (Recycled),15,No,USA,No,https://m.media-amazon.com/images/I/81ZL2H9vlBL._AC_SX679_.jpg,230,front,Yes,Backpack,40,Side,Lifetime,2,3.6,14
Topo Designs Mountain Pack,1,"Daisy chain lashpoints
Side zip access to main compartment",Toploader,>5,7,No,No,1,19,https://topodesigns.com/products/mountain-pack?variant%3D40693600845877&sa=D&source=editors&ust=1740763376238829&usg=AOvVaw2YLO_yej_fiOECoKGCT0Lv,,>10,No,No,1000D or 210D coated pack cloth liner,15,No,USA,No,https://m.media-amazon.com/images/I/81I9zMZ08+L.jpg,180,top,Yes,Backpack,28,Side,Lifetime,2,2.1,11.5
Topo Designs Rover Pack Classic,2,,Toploader,4,4.5,No,No,1,17,https://topodesigns.com/products/mountain-pack?variant%3D40693600845877&sa=D&source=editors&ust=1740763376238829&usg=AOvVaw2YLO_yej_fiOECoKGCT0Lv,Internal sleeve,>10,No,No,1000D Nylon or 420D Nylon or 210D Nylon (Recycled),15,No,USA,No,https://topodesigns.eu/cdn/shop/files/rover-pack-classic-outdoor-backpack-bagsbackpacks-5477236.jpg?v=1756286814&width=400,109,top & front,No,Backpack,20,Side,Lifetime,2,1.4,11
Topo Designs Rover Pack Mini,2,,Toploader,4,3.75,No,No,1,13.5,https://topodesigns.com/products/mountain-pack?variant%3D40693600845877&sa=D&source=editors&ust=1740763376238829&usg=AOvVaw2YLO_yej_fiOECoKGCT0Lv,Internal sleeve,4,No,No,420D Nylon pack cloth or 210D Nylon pack cloth liner (Recycled),11,No,USA,No,https://topodesigns.eu/cdn/shop/files/rover-pack-mini-topo-designs-bagsbackpacks-1236376.jpg?v=1756993035&width=800,79,top & front,No,Backpack,10,Side,Lifetime,2,1,8.5
Tortuga Daily Carry Pro,2,Lockable zippers,Clamshell,no,7.5,No,No,2,18,https://www.tortugabackpacks.com/products/daypack-pro&sa=D&source=editors&ust=1740763376240839&usg=AOvVaw1a5zU7-Cfoq5KldzYDQtyc,External compartment,no,No,Yes,ECOPAK EPX200,16,Yes,USA,No,https://www.tortugabackpacks.com/cdn/shop/files/Front.webp?v=1761022544&width=2048,250,front & top,Yes,Backpack,25,Side,Lifetime,2,2.6,12
Tortuga Daypack Pro,1,Lockable zippers,Half Zip,no,6.5,No,No,1,17.5,https://www.tortugabackpacks.com/products/daypack-pro&sa=D&source=editors&ust=1740763376240839&usg=AOvVaw1a5zU7-Cfoq5KldzYDQtyc,Internal sleeve,no,No,No,SHELL70RS,16,No,USA,Yes,https://www.tortugabackpacks.com/cdn/shop/files/BagAngleRight_883fd360-a424-404c-aa9e-a8fab15da084.webp?v=1718298807&width=1946,125,top,Yes,Backpack,21,Side,Lifetime,2,1,11.5
Tortuga Expandable Backpack,2,Lockable zippers,Clamshell,4,7,Yes,32L,2,19,https://www.tortugabackpacks.com/products/expandable-backpack?_ab%3D0%26_fd%3D0%26_sc%3D1&sa=D&source=editors&ust=1740763376242923&usg=AOvVaw3BmpurL5GLCiX3VXuaVGrb,External compartment,no,No,No,630D Cordura,16,No,USA,No,https://www.tortugabackpacks.com/cdn/shop/files/Quarterfront1Tabletop_e6dff32c-44da-4233-bd68-165c6447b02d.webp?v=1730501464&width=1946,250,top & front,Yes,Backpack,27,Side,Lifetime,1,3.5,12.5
Tortuga Packable Backpack,1,"Lockable zippers
Packs into itself",Half Zip,no,6.5,No,No,1,18,https://www.tortugabackpacks.com/products/packable-backpack&sa=D&source=editors&ust=1740763376249954&usg=AOvVaw3_zeG50aCis_-zlPGsyzce,Not dedicated,no,No,No,70D Ripstop Nylon,No,No,USA,Yes,https://m.media-amazon.com/images/I/81GBA2tz4yL._AC_UY580_.jpg,80,top,Yes,Backpack,19,Side,Lifetime,2,0.7,10
Tortuga Travel Backpack 30L,1,"Straps can be adjusted to height fit.
Hip belt has quick access pockets.",Clamshell,no,7.5,No,No,1,20.5,https://www.tortugabackpacks.com/products/travel-backpack-30l?variant%3D39864592433223&sa=D&source=editors&ust=1740763376251854&usg=AOvVaw2yR_D_PVMGTNiBEFyqvSr8,,no,No,No,SHELL200,16,No,USA,No,https://www.tortugabackpacks.com/cdn/shop/files/Quarterfront1Tabletop_e6dff32c-44da-4233-bd68-165c6447b02d.webp?v=1730501464&width=533,325,top,Yes,Backpack,30,Side,Lifetime,2,4,12
Tortuga Travel Backpack 40L,1,"Straps can be adjusted to height fit.
Hip belt has quick access pockets.",Clamshell,no,8,No,No,1,21.5,https://www.tortugabackpacks.com/products/travel-backpack-40l?variant%3D39864592367687&sa=D&source=editors&ust=1740763376253543&usg=AOvVaw113xWKeOBu3ZZ30gHCcX_f,External compartment,no,No,No,SHELL200,16,No,USA,No,https://www.neverendingvoyage.com/wp-content/uploads/2025/10/tortuga-backpack-lite-front-1000x1000.jpg,350,top,Yes,Backpack,40,Side,Lifetime,2,4.4,14
Tortuga Travel Backpack Lite 40L,1,Lockable zippers,Clamshell,no,8,No,No,2,21.5,https://www.tortugabackpacks.com/products/travel-backpack-lite-40l&sa=D&source=editors&ust=1740763376255121&usg=AOvVaw3rG394fYqLZiNbGIda0Gb8,External compartment,,No,No,630D Cordura re or cor RN6 Nylon,16,No,USA,No,https://cdn.packhacker.com/2024/04/b8a7a043-tortuga-travel-backpack-lite-40l.jpg,250,top,Yes,Backpack,40,Side,Lifetime,1,3.5,14
Troubadour Apex Backpack 3.0,1,"Tech organisation, shoulder strap pocket",Half Zip,no,5.9,No,No,1,18.9,https://www.troubadourgoods.com/products/apex-backpack,External compartment,no,No,Yes,FortiWeave,17,Yes,UK,No,https://m.media-amazon.com/images/I/81kuB9rilEL._AC_UY580_.jpg,245,front,No,Backpack,25,Side,5 years,2,2.2,12.6
Troubadour Apex Compact Backpack 3.0,1,"Tech organisation, shoulder strap pocket",Half Zip,no,5.9,No,No,1,18.9,https://www.troubadourgoods.com/products/compact-apex-backpack,External compartment,no,No,Yes,FortiWeave,16,Yes,UK,No,https://m.media-amazon.com/images/I/71l+mHwgUSL._AC_UY580_.jpg,225,front,No,Backpack,16,Side,5 years,2,2,12.6
Troubadour Elemental Backpack,2,Running-vest strap design & removable laptop sleeve,Panel loader,0,6.69,No,No,1,18.11,https://www.troubadourgoods.com/products/elemental-backpack?variant=47760658628840,Internal sleeve,0,No,Yes,210D Ripstop Nylon,17,Yes,UK,No,https://cdn.shopify.com/s/files/1/0171/0160/files/Elemental_Backpack_Black_3-4_1500x1500_ae173e74-1f16-4756-8a26-1fe27e576b83.jpg?v=1775824206&width=2560,279,Front,Yes,Backpack,25,Side,5 years,2,1.7,11.02
Troubadour Orbis 1-Pocket Backpack,3,Secret pocket in back panel keeps your phone at hand yet hidden,Clamshell,no,5.5,No,No,1,16.5,https://www.troubadourgoods.com/products/orbis-1-pocket-backpack,Internal sleeve,no,No,Yes,Polyester (Recycled),16,No,UK,No,https://cdn.shopify.com/s/files/1/0171/0160/files/Orbis1Pocket_0541699f-952c-45bd-aab9-c92eddaf8717.png?v=1739517767,295,front (2x) & back,No,Backpack,18,,5 years,0,3.3,11.8
Troubadour Pioneer Backpack,2,Sternum strap not included.,Half Zip,no,6.5,No,No,1,19.5,https://www.troubadourgoods.com/products/pioneer-backpack-khaki&sa=D&source=editors&ust=1740763376259649&usg=AOvVaw0iA3IA_XJ7-UwA2uh36jyh,External compartment,no,No,No,Polyester (Recycled),16,No,UK,No,https://cdn.shopify.com/s/files/1/0171/0160/files/Pioneer_3.0_Obsidian_Green_1.jpg?v=1723404890,275,top & front,Yes,Backpack,24,Side,5 years,2,2.4,12
ULA Equipment Cicada X-PAC,3,,Clamshell,no,5,No,,1,18,https://www.511tactical.com/rush12-2-0-backpack.html&sa=D&source=editors&ust=1740763375907952&usg=AOvVaw0yMNy0PJm3cGjXT2gac4ga,External compartment,no,No,Yes,X-PAC X50 or Ultra 400X,15,No,USA,No,https://www.ula-equipment.com/wp-content/uploads/2025/08/X50CicadaFoliage-2.jpg,320,front,Yes,Backpack,22,No,Lifetime,0,1.9,11
ULA Equipment Robic 30L Dragonfly,1,"Optional load lifters, waist strap, stowable straps, patch area",Clamshell,2,7,No,No,1,18.5,https://www.ula-equipment.com/product/dragonfly/&sa=D&source=editors&ust=1740763376263188&usg=AOvVaw0xKZ_Q0YiaFSQw6n9Et4yk,External compartment,>5,No,No,Black Diamond Robic,15,No,USA,No,https://www.ula-equipment.com/wp-content/uploads/2024/10/purplerobic-30L-34right.jpg,240,top,Yes,Backpack,30,Side,Lifetime,2,1.6,11
ULA Equipment Ultra 36L Dragonfly,1,"Optional load lifters, waist strap, stowable straps, patch area",Clamshell,2,7.5,No,No,1,20.5,https://www.ula-equipment.com/product/ultra-36-dragonfly/&sa=D&source=editors&ust=1740763376264889&usg=AOvVaw30y8jsN2Wt_UqJy93mpZp7,External compartment,>5,No,No,ULTRA or ULTRA TX or UltraStretch,17,No,USA,No,https://www.ula-equipment.com/wp-content/uploads/2024/10/red-robic-36-34-right.jpg,320,top,Yes,Backpack,36,Side,Lifetime,2,1.9,12
ULA Equipment Ultra Camino,0,"Main body 35.8L, can be fully customized",Rolltop & Clamshell,>5,8.5,Yes,54L,1,22,https://www.ula-equipment.com/product/ultra-camino/&sa=D&source=editors&ust=1740763376266293&usg=AOvVaw3oZfXUVdq3sdxCQIYrwKCg,Internal sleeve,>5,No,No,ULTRA 400TX,17,No,USA,No,https://www.ula-equipment.com/wp-content/uploads/2023/02/ultracamino34th2.jpg,400,,Yes,Backpack,36,Side,Lifetime,2,3.2,13
ULA Equipment Ultra Robic,2,,Rolltop,no,4,Yes,22,1,17,https://www.511tactical.com/rush12-2-0-backpack.html&sa=D&source=editors&ust=1740763375907952&usg=AOvVaw0yMNy0PJm3cGjXT2gac4ga,Internal sleeve,1,No,No,Robic or Ultra 400X,15,No,USA,No,https://www.ula-equipment.com/wp-content/uploads/2025/06/brushed-node-34-right.jpg,200,front,Yes,Backpack,20,Side,Lifetime,2,1.4,10.75
Vertx Long Walks Pack 15L,1,"Has internal hook & Loop, velcro for customization, hydration pass through, oversized front stretch pocket, sleeves on straps",Half Zip,no,5.3,No,No,1,21.5,https://vertx.com/products/long-walks-pack-15l,Not dedicated,>10,No,No,Ripstop Nylon,14,No,USA,No,https://m.media-amazon.com/images/I/71zYVSFpNzL._AC_UY580_.jpg,100,front,Yes,Backpack,15,,2 years,0,1.3,11
Vertx Urban Ghost Backpack 20L,2,"Has internal hook & Loop, velcro for customization, hydration pass through, Hidden back pocket",Half Zip,no,6,No,No,1,19,https://vertx.com/products/urban-ghost-20l-backpack?variant=50190222917914,Internal sleeve,>10,No,Yes,420D Polycarbonate Coated Ripstop,15,Yes,USA,No,https://vertx.com/cdn/shop/files/ug20lbackpack.jpg?v=1737419716,175,front & back,Yes,Backpack,20,Side,2 years,2,2.3,11
Voyager Bag Works Arcadia - Waxed Canvas,1,Handmade,,no,2.5,No,No,1,5.8,https://aersf.com/collections/city-collection/products/city-pack-2?country=US,Not dedicated,no,No,No,Waxed Canvas (Martexin original) or Ecopak,No,Yes,USA,No,https://images.squarespace-cdn.com/content/v1/5d6f32089f272b0001a113df/1658502265789-W7F4K0972MY3GAYUMF3Q/Arcadia+2022+-+Sage+-+Hero.jpg,125,front,No,Sling,2.25,No,Lifetime,0,,9.8
Voyager Bag Works Arcadia Mini - Ecopak,1,Handmade,,no,2.5,No,No,,2.1,https://aersf.com/collections/city-collection/products/city-pack-2?country=US,Not dedicated,no,No,No,Ecopak or Waxed Canvas,No,Yes,USA,No,https://images.squarespace-cdn.com/content/v1/5d6f32089f272b0001a113df/1698091905777-GQ98XK6A0QOI5ABRG0TD/Mini+Arcadia+-+Teal+-+Hero.jpg?format=1000w,100,front,No,Sling,1.4,No,Lifetime,0,,5
Voyager Bag Works Hip Back - Waxed Canvas,0,Handmade,,no,5,No,No,,5,https://aersf.com/collections/city-collection/products/city-pack-2?country=US,Not dedicated,no,No,No,Waxed Canvas (Martexin original) or Ecopak,No,No,USA,No,https://images.squarespace-cdn.com/content/v1/5d6f32089f272b0001a113df/1655215547945-75ZTYBE0G6SGRHN1GY17/Cay+-+Sage+-+Hero.jpg,58,No,No,Sling,0.4,No,Lifetime,0,,8
Wandrd D1 FANNY PACK,1,,,no,2.5,No,No,2,5,https://aersf.com/collections/city-collection/products/city-pack-2?country=US,Not dedicated,2,No,No,840D Jr Ballistic Nylon with 5PM Coating,No,Yes,USA,No,https://eu.wandrd.com/cdn/shop/products/D1FannyPack-SedonaOrange-Angled_fb504d48-4861-4a6f-bc77-b42a84a6f428.png?v=1668463741&width=720,74,back,No,Sling,2,No,Lifetime,0,0.67,9
Wandrd DETOUR HIP PACK,1,Stabiliser strap,,no,5,No,No,1,10.25,https://aersf.com/collections/city-collection/products/city-pack-2?country=US,Not dedicated,1,No,No,100D Robic Dynatec,No,Yes,USA,Yes,https://eu.wandrd.com/cdn/shop/products/detour.png?v=1566789448&width=720,64,front,No,Sling,6.3,No,Lifetime,0,0.6,8
Wandrd NIMBUS 18L,2,Hidden Passport/Cash Pocket,Half Zip,2,6.3,No,No,3,18.8,https://www.wandrd.com/products/nimbus-18l-backpack,External compartment,>10,Yes,Yes,,16,No,USA,No,https://dtz3um9jw7ngl.cloudfront.net/p/l/V301366E/V301366E.jpg,179,front & back,Yes,Backpack,18,Side,Lifetime,2,2.6,12
Wandrd Prvke 21L,1,"Hidden pocket.
3 points of access: roll top opening, side camera access, and zippered clamshell",Rolltop & Clamshell,2,6.5,Yes,25L,1,19,https://www.wandrd.com/products/prvke?variant%3D39289416122448&sa=D&source=editors&ust=1740763376269597&usg=AOvVaw216CNn3AuH1-VGPHxS5AUM,Internal sleeve,>5,No,No,Tarpaulin and Ballistic 1680 D Nylon or Weather Resistant YKK Zippers,15,No,USA,No,https://harrisoncameras.co.uk/cdn/shop/files/PK21-SO-3.jpg?v=1722016640,300,back,Yes,Backpack,21,Side,Lifetime,1,2.9,11
Wandrd Prvke 31L,1,"Hidden pocket.
3 points of access: roll top opening, side camera access, and zippered clamshell",Rolltop & Clamshell,2,7,Yes,36L,1,21,https://www.wandrd.com/products/prvke?variant%3D39289416220752&sa=D&source=editors&ust=1740763376271235&usg=AOvVaw16jbwg8Q5zR9fhohGfAqFs,Internal sleeve,>5,No,No,Tarpaulin and Ballistic 1680 D Nylon or Weather Resistant YKK Zippers,15,No,USA,No,https://eu.wandrd.com/cdn/shop/files/PRVKE_21_-_Yuma_Tan.png?v=1719256543&width=1296,325,back,Yes,Backpack,31,Side,Lifetime,1,3.3,12
Wandrd ROGUE 3L SLING,1,,,no,4,No,No,3,6,https://aersf.com/collections/city-collection/products/city-pack-2?country=US,Not dedicated,5,No,No,840D Jr Ballistic Nylon with 5PM Coating,No,Yes,USA,No,https://eu.wandrd.com/cdn/shop/products/3LROGUE-DallolYellow-Front.png?v=1698855211&width=720,109,back,No,Sling,3,Underneath,Lifetime,1,1,9
Wandrd ROGUE 6L SLING,2,Stabiliser strap,,no,6,No,No,3,7.5,https://aersf.com/collections/city-collection/products/city-pack-2?country=US,External compartment,5,No,No,840D Jr Ballistic Nylon with 5PM Coating,16,Yes,USA,No,https://eu.wandrd.com/cdn/shop/files/ROGUE6LYumaTan.png?v=1707238756&width=720,139,front & back,No,Sling,6,Underneath,Lifetime,1,1.5,12
Wandrd ROGUE 9L SLING,2,Stabiliser strap,,no,7,No,No,3,8.5,https://aersf.com/collections/city-collection/products/city-pack-2?country=US,External compartment,5,No,No,840D Jr Ballistic Nylon with 5PM Coating,16,Yes,USA,No,https://eu.wandrd.com/cdn/shop/products/9LROGUE-UyuniPurple-Front_6758f8aa-f64a-4163-b3b5-a672d3dc872f.png?v=1707242514&width=720,159,front & back,No,Sling,9,Underneath,Lifetime,1,1.7,13.5
Wandrd Transit Travel Backpack,1,"Quick access to either side.
Hidden pocket at back.
Optional hip-belt.
Zippers have locking mechanism.
Rainfly available.",Clamshell,2,8.5,Yes,35L,4,19.5,https://www.wandrd.com/products/transit-travel-backpack?variant%3D40190470717520&sa=D&source=editors&ust=1740763376273022&usg=AOvVaw08YFeiKTPQbyjMJs5gftoO,External compartment,>10,Yes,Yes,,16,No,USA,No,https://www.cameraland.nl/media/catalog/product/cache/1/image/1800x/040ec09b1e35df139433887a97daa66f/w/a/wandrd_transit_45l_travel_backpack_wasatch_green.jpg,300,top,Yes,Backpack,30,Side,Lifetime,2,4.2,11.5
Waterfield Air Porter Backpack,1,,Toploader,no,7,No,No,1,16.5,https://www.sfbags.com/collections/laptop-backpacks/products/air-porter-backpack&sa=D&source=editors&ust=1740763376274905&usg=AOvVaw02YosDfyTKEx1KF-0xgTQt,Internal sleeve,no,No,Yes,1680D Ballistic Nylon or Waxed Canvas,15,No,USA,No,https://www.sfbags.com/cdn/shop/files/Three-quarter-canvas_1101d43e-f5a7-4778-9af0-8ec120a106b5.jpg?v=1705367693&width=1800,420,top,Yes,Backpack,22,Side,Lifetime,2,2.9,12
Waterfield Packable Backpack,1,,Half Zip,no,6,No,No,1,15,https://www.sfbags.com/collections/laptop-backpacks/products/packable-backpack?tab=Specifications,Not dedicated,no,No,No,Custom Developed,14,No,USA,Yes,https://www.sfbags.com/cdn/shop/products/Olive-Backpack-34-Front.jpg?v=1720548468&width=1000,129,front,No,Backpack,16,Side,Lifetime,2,0.7,11
Waterfield Shinjuku Crossbody,2,Made in USA,,no,2.5,No,No,0,7.25,https://aersf.com/collections/city-collection/products/city-pack-2?country=US,Internal sleeve,no,No,No,Full-grain leather Waxed Canvas (15 oz),8,Yes,USA,No,https://www.sfbags.com/cdn/shop/files/Canvas-threequarter.jpg?v=1746829776&width=1800,159,front & back,No,Sling,3.1,No,Lifetime,0,1.1,10.5
Waterfield Shinjuku Laptop Backpack,2,"Main compartment can be accessed from the side, space for  laptop and iPad/tablet",Half Zip,no,5,No,No,1,17,https://www.sfbags.com/collections/laptop-backpacks/products/shinjuku-laptop-backpack?tab=Specifications,Internal sleeve,no,No,Yes,Waxed Canvas (15 oz) or VX-11 Canvas X-PAC base,16,Yes,USA,No,https://www.sfbags.com/cdn/shop/files/shinjuku-backpack-canvas-34.jpg?v=1741902033&width=1800,329,front,No,Backpack,16,Side,Lifetime,2,2.6,12.5
Waterfield Shinjuku Sling,2,Made in USA,,no,2.5,No,No,0,5,https://aersf.com/collections/city-collection/products/city-pack-2?country=US,Not dedicated,no,No,No,Full-grain leather Waxed Canvas (15 oz),No,Yes,USA,No,https://www.sfbags.com/cdn/shop/files/shunjuku-sling-storm-gray-front.jpg?v=1743792246&width=1800,129,front & back,No,Sling,1.6,No,Lifetime,0,0.71,8
Waterfield Tech Folio Backpack Slim - Ballistic,1,"Laptop and Ipad sleeve, internal water bottle pocket, QAP has magentic closure",Clamshell,no,4.5,No,No,1,15.5,https://www.sfbags.com/collections/laptop-backpacks/products/tech-folio-backpack?tab=Video,Internal sleeve,no,No,Yes,1680D Ballistic Nylon,16,Yes,USA,No,https://www.sfbags.com/cdn/shop/files/Three-Quarter-Ballistic-Black.jpg?v=1704059893&width=1800,359,front,No,Backpack,13,No,Lifetime,0,2.5,12.3
Waterfield Tech Folio Backpack Slim - Waxed Canvas,1,"Laptop and Ipad sleeve, internal water bottle pocket, QAP has magentic closure",Clamshell,no,4.5,No,No,1,15.5,https://www.sfbags.com/collections/laptop-backpacks/products/tech-folio-backpack?tab=Video,Internal sleeve,no,No,Yes,Waxed Canvas (15 oz),16,Yes,USA,No,https://i0.wp.com/androidguys.com/wp-content/uploads/2024/06/Slim-BP-v-reg_4975e4fe-2f07-4f40-ac11-8ff6fdffe074.jpg?resize=696%2C580&ssl=1,359,front,No,Backpack,13,No,Lifetime,0,3,12.3
Waterfield Tech Folio Backpack Standard - Ballistic,1,"Laptop and Ipad sleeve, internal water bottle pocket, QAP has magentic closure",Clamshell,no,6.3,No,No,1,15.5,https://www.sfbags.com/collections/laptop-backpacks/products/tech-folio-backpack?tab=Video,Internal sleeve,no,No,Yes,1680D Ballistic Nylon,16,Yes,USA,No,https://www.sfbags.com/cdn/shop/files/Three-Quarter-Ballistic-Black.jpg?v=1704059893&width=1800,379,front,No,Backpack,19,No,Lifetime,0,2.8,12.3
Waterfield Tech Folio Backpack Standard - Waxed Canvas,1,"Laptop and Ipad sleeve, internal water bottle pocket, QAP has magentic closure",Clamshell,no,6.3,No,No,1,15.5,https://www.sfbags.com/collections/laptop-backpacks/products/tech-folio-backpack?tab=Video,Internal sleeve,no,No,Yes,Waxed Canvas (15 oz),16,Yes,USA,No,https://i0.wp.com/androidguys.com/wp-content/uploads/2024/06/Slim-BP-v-reg_4975e4fe-2f07-4f40-ac11-8ff6fdffe074.jpg?resize=696%2C580&ssl=1,379,front,No,Backpack,19,No,Lifetime,0,3.4,12.3
Waterfield Vitesse Backpack,1,,Toploader,no,8,No,No,1,15.5,https://www.sfbags.com/collections/laptop-backpacks/products/vitesse-canvas-backpack,Internal sleeve,no,No,Yes,Waxed Canvas (15 oz),16,Yes,USA,No,https://www.sfbags.com/cdn/shop/files/Both-colors_1800x1800.jpg?v=1726233407,219,front,No,Backpack,24,No,Lifetime,0,1.7,12
Western Rise Voyager Pro 25,1,Laptop compartment has tablet/iPad sleeve. One side zip access to main compartment,Clamshell,0,8,No,No,3,20.5,,External compartment,2,No,Yes,420D Ballistic Nylon Robic or 630D Oxford Nylon with Carbonate Coating,18,Yes,USA,No,https://i.kickstarter.com/assets/045/057/568/d35f685104173f593dea6101a2910e6d_original.png?fit=scale-down&origin=ugc&q=80&v=1715827900&width=600&sig=OBmTcyzyLQ8TX7qEm1oLCQqQb2vkIIYmASuClbTlAoY%3D,239,top,Yes,Backpack,25,Side,Lifetime,1,2.8,11.5
Western Rise Voyager RollTop15 Backpack,1,"Suspended laptop sleeve (fits up to 18""), tablet sleeve (up to 12""). Side Access to main compartment. Expandable by ca. 2L",Rolltop,0,9.5,Yes,17L,1,19.8,,Internal sleeve,2,No,No,420D Ballistic Nylon Robic or 630D Oxford Nylon with Carbonate Coating,18,Yes,USA,Yes,https://i.kickstarter.com/assets/045/057/568/d35f685104173f593dea6101a2910e6d_original.png?fit=scale-down&origin=ugc&q=80&v=1715827900&width=600&sig=OBmTcyzyLQ8TX7qEm1oLCQqQb2vkIIYmASuClbTlAoY%3D,120,top,Yes,Backpack,15,Side,Lifetime,1,1.8,11.5
Wexley Ace V2 32L Travel Pack 1680D Cordura Series,1,"Lockable zippers. Hidden AirTag pocket, 2 hidden back pockets.",Clamshell,Yes,9,No,No,2,18.2,https://wexley.com/products/ace-v2,Separated Compartment,Yes,Yes,Yes,1680D Cordura Ballistic or 840D Carbonate,16,yes,France,No,https://wexley.com/cdn/shop/files/wexley_ace_backpack_cordura_carbonate_ace221-6_76b9dfa8-3f5a-44f5-b8d9-285729273e5d.jpg?v=1741316006&width=900,199,Top,Yes,Backpack,32,Side,2 years,2,3.2,11.5
Wexley Active 25L Pro Pack Cordura Series,1,"RFID blocking pocket. Hidden AirTag pocket, 2 hidden back pockets, card pocket on shoulder strap.",Half Zip,No,6.3,No,No,2,19.6,https://wexley.com/products/active-propack-cordura-series,Internal sleeve,No,No,No,1000D Cordura or 840D Carbonate or also in 1680DCordura Ballistic and X-PAC,16,yes,France,No,https://wexley.com/cdn/shop/files/wexley_active_business_backpack_cordura_carbonate_lbp201-12_474fa1da-c188-453a-a735-f52fdf683c73.jpg?v=1739204183&width=900,149,Top,Yes,Backpack,25,Side,2 years,1,2.76,12.6
Wexley Classic Icon Daypack,1,"RFID blocking pocket. Hidden AirTag pocket, 2 hidden back pockets.",Half Zip,No,6.6,No,No,1,17.3,https://wexley.com/products/classic,External compartment,No,No,No,1680D Cordura Ballistic,16,yes,France,No,https://wexley.com/cdn/shop/files/wexley-classic-backpack-cordura-ballistic-cbp200-6.jpg?v=1739287107&width=900,159,Front,Yes,Backpack,22,No,2 years,0,1.54,11.8
Wexley Etan 22L Compact Pro Pack Cordura,1,"Hidden AirTag pocket, 2 hidden back panel pockets.",Half Zip,No,5.9,No,No,2,17.7,https://wexley.com/products/etan-cordura,Internal sleeve,No,No,No,330D Cordura or 1680D Cordura Ballistic,16,yes,France,No,https://wexley.com/cdn/shop/files/wexley_etan_backpack_cordura_etn216-4_fdaf4bcf-3c59-4e97-9218-b7945d4aff35.jpg?v=1739203358&width=900,139,Top,Yes,Backpack,22,Side,2 years,1,2.65,11.4
Wexley Jacob 22L Pro Pack Cordura Series,1,"RFID blocking pocket. Hidden AirTag pocket, 2 hidden back pockets.",Half Zip,No,5.9,No,No,1,19.3,https://wexley.com/products/jacob,Separated Compartment,No,Yes,No,1680D Cordura Ballistic,16,yes,France,No,https://wexley.com/cdn/shop/files/wexley_jacob_backpack_cordura_ballistic_jcb200-18.jpg?v=1741311263&width=900,169,Top,Yes,Backpack,22,Side,2 years,2,1.76,10.6
Wexley Kyle 10L Mini Business Pack Cordura Series,1,"Hidden AirTag pocket, 2 hidden back panel pockets.",Half Zip,No,4.33,No,No,1,14.7,https://wexley.com/products/kyle-10l-compact-pro-pack-cordura-series,Internal sleeve,No,No,No,330D Cordura or also in 1680DCordura Ballistic,14,yes,France,No,https://wexley.com/cdn/shop/files/wexley_kyle_backpack_cordura_ky216_7.jpg?v=1739209061&width=900,129,Front,Yes,Backpack,10,Side,2 years,1,1.87,10.23
Wexley Madison Daypack,1,3 exterior zip pockets. Suspended fleece-lined interior sleeve. AirTag pocket.,Half Zip,No,5.09,No,No,1,16.14,https://wexley.com/products/madison,Internal sleeve,No,No,No,330D Cordura Nylon or 840D Carbonate,13,yes,France,No,https://wexley.com/cdn/shop/files/wexley_madison_cordura_black_mbp106-2_622a3eef-c9c9-434c-927e-dddb602527d2.jpg?v=1739289341&width=900,119,Top,Yes,Backpack,14,No,2 years,0,1.32,9.05
Wexley Malcolm Sling Pack,1,"Padded tablet compartment. Hidden AirTag pocket, hidden soft-lined back pocket.",,No,3.93,No,No,1,12.6,https://wexley.com/products/malcolm-sling-pack-cordura-ballistic,Internal sleeve,No,No,No,1680D Cordura Ballistic,11,yes,France,No,https://wexley.com/cdn/shop/files/wexley_malcom_slingbag_cordura_ballistic_ml200_1_16a6c45a-b30e-49e3-ab4e-f32007917d28.jpg?v=1739090769&width=900,119,Front,No,Sling,8,No,2 years,0,1.54,9.64
Wexley Shag Slim Pack,1,"Clamshell construction. Hidden AirTag pocket, 2 hidden back panel pockets.",Clamshell,No,5.11,No,No,1,18.11,https://wexley.com/products/shag-17l-slim-pack-cordura-ballistic,Internal sleeve,No,No,No,1680D Cordura Ballistic,16,yes,France,No,https://wexley.com/cdn/shop/files/wexley_shag_backpack_cordura_ballistic_SH200V2_7.jpg?v=1774339870&width=900,159,Front,Yes,Backpack,17,No,2 years,0,2.09,11.02
Wexley Sheldrake Daypack,1,"RFID blocking pocket. Hidden AirTag pocket, 2 hidden back pockets.",Half Zip,No,6.3,No,No,1,18.5,https://wexley.com/products/sheldrake-cordura,External compartment,No,No,No,1000D Cordura Ballistic or also in 1680D Cordura Ballistic Black,16,yes,France,No,https://wexley.com/cdn/shop/files/wexley-sheldrake-backpack-cordura-sd106-3_66761dd9-b5f3-43f3-97b8-7f3e55c81838.jpg?v=1739288717&width=900,139,Top,Yes,Backpack,22,No,2 years,0,1.98,10.63
Wexley Stem Daypack,1,"Hidden AirTag pocket, 2 hidden back panel pockets, RFID pocket.",Half Zip,No,6.3,No,No,1,18.8,https://wexley.com/products/stem-cordura,Internal sleeve,No,No,No,1000D Cordura,16,yes,France,No,https://wexley.com/cdn/shop/files/wexley_stem_backpack_stbp201_cordura_carbonate_hd-2_34b64ad8-35d0-43d0-be1b-eca75b18a766.jpg?v=1739892829&width=900,139,Front,Yes,Backpack,20,No,2 years,0,1.76,11.4
Wexley Tacoma Slim Daypack,0,Ultra-slim design. Hidden AirTag pocket.,Half Zip,No,2.75,No,No,1,18.1,https://wexley.com/products/tacoma,Internal sleeve,No,No,No,330D Cordura or also in 1680D Cordura Ballistic,14,yes,France,No,https://wexley.com/cdn/shop/files/wexley_tacoma_backpack_cordura_ballistic_tcm221-2_fcfba0fc-e63b-4e27-a644-4e51c3242728.jpg?v=1739289731&width=900,139,No,Yes,Backpack,11,No,2 years,0,1.5,11
Wexley Taylor 25L Pro Pack 1680D Cordura Ballistic,1,"RFID blocking pocket. Hidden AirTag pocket, 2 hidden back pockets.",Half Zip,No,6.3,No,No,2,18.8,https://wexley.com/products/taylor,Separated Compartment,No,No,Yes,1680D Cordura Ballistic,16,yes,France,No,https://wexley.com/cdn/shop/files/wexley_taylor_backpack_cordura_ballistic_tl200_2.jpg?v=1741313599&width=900,189,Top,Yes,Backpack,25,Side,2 years,1,2.65,11.4
Wexley Travis Sling Pack,1,Fidlock magnetic buckle. Hidden AirTag pocket. 3 pen holders.,,No,3.9,No,No,0,6.3,https://wexley.com/products/travis-cordura-ballistic,No,No,No,No,1680D Cordura Ballistic,no,yes,France,No,https://wexley.com/cdn/shop/files/wexley_travis_Cordura_ballistic_trv220-3.jpg?v=1739034872&width=900,89,Top,No,Sling,5.5,No,2 years,0,0.88,13.7
Wexley Vernon 30L Travel Pack 1680D Cordura Ballistic,2,"RFID blocking pocket. Hidden AirTag pocket, 2 hidden back pockets.",Clamshell,No,7.5,No,No,2,20.5,https://wexley.com/products/vernon-pack-1680d-cordura-ballistic,Separated Compartment,No,Yes,Yes,1680D Cordura Ballistic,17,yes,France,No,https://wexley.com/cdn/shop/files/wexley_vernon_travel_backpack_cordura_ballistic_vrn200-5_501c38a4-1c3a-4c60-91cc-95289010addc.jpg?v=1774325297&width=900,199,Front / Top,Yes,Backpack,30,Side,2 years,2,3.2,12.6
Wotancraft EasyPack 15L,1,"Waterbottle pockets are fully zipped with own volume, camera bag",Clamshell,no,4.7,No,No,1,16.1,https://www.wotancraft.tw/product/bdb27-khakibrownC,External compartment,>10,No,Yes,500D Nylon Canvas,14,No,Taiwan,No,https://d2rg8qz2n54jhj.cloudfront.net/1920/EasyPack_K_1_20240802.webp,199,front,Yes,Backpack,15,Side,3 years,2,1.7,11.4
Wotancraft Mini Rider V2 Sling Bag 4.5L,1,,,1,4.7,No,No,1,7.2,https://aersf.com/collections/city-collection/products/city-pack-2?country=US,Internal sleeve,1,No,No,Dualcoat Waxed 500D Nylon Canvas,8,Yes,Taiwan,No,https://d2rg8qz2n54jhj.cloudfront.net/1920/MiniRiderV2_K_1.webp,169,front,No,Sling,4.5,No,3 years,0,1.1,9
Wotancraft Multi-purpose Organizer Pouch,1,Features utility webbing. Can be coupled with other Wotancraft bags via YKK clips.,,,3.54,,,1,7.64,https://www.wotancraft.tw/en/product/ada58-kbc,,Yes,,,Nylon,,,Taiwan,,https://d2rg8qz2n54jhj.cloudfront.net/1920/20241008-DSC09395-編輯-編輯.webp,32,,,Pouch,1.57,,3 Years,,0.16,3.54
Wotancraft Nylon + Leather Passport Pouch / Travel Folio,8,"Features 4 credit card slots, internal zip pocket, hidden pocket, back velcro pocket, and a velcro strap for a SIM/SD card.",,,0.98,,,0,6.69,https://www.wotancraft.tw/en/product/passport-pouch-travel-folio-V2-black-canvas,,,,,Nylon or Cowhide Leather,,8,Taiwan,,https://d2rg8qz2n54jhj.cloudfront.net/1920/20250510_CORDURA_NYLON_LEATHER_PASSPORTPOUCH_TRAVELFOLIO_D.webp,109,,,Pouch,0.53,,3 Years,,0.26,4.92
Wotancraft Sling Pouch 3.5L,2,Updated 2023 version,,no,4.1,No,No,,7,https://aersf.com/collections/city-collection/products/city-pack-2?country=US,Not dedicated,4,No,No,Dualcoat Waxed 500D Nylon Canvas,11,Yes,Taiwan,No,https://d2rg8qz2n54jhj.cloudfront.net/1920/20240628_CORDURA%20®%20NYLON%20CANVAS%20WAIST%20PACK%20_%20SLING%20POUCH%20_K_V2_1.png,99,front,No,Sling,3.5,No,3 years,0,0.9,13
YETI Bozeman™ 27L Backpack,1,,Toploader & Center Zip,2,10,No,No,1,20,https://www.yeti.com/bags/backpacks/26010000451.html,External compartment,>10,Yes,No,TuffSkin Nylon,15,No,USA,No,https://yeti-webmedia.imgix.net/m/141bfa6c62edb0a4/W-site_studio_Bozeman_Bags_Gear_Garage_Black_3qter_249_Primary_B_2400x2400.png?bg=0fff&auto=format&w=846&h=846,275,top,Yes,Backpack,27,Side,3 years,2,3.4,11.5
YETI Crossroads 22L Backpack,0,Side access to main compartment,Toploader & Center Zip,2,7.1,No,No,1,18.5,https://www.yeti.com/bags/backpacks/26010000320.html,Internal sleeve,>10,No,Yes,TuffSkin Nylon,15,No,USA,No,https://uk.yeti.com/cdn/shop/files/22L_Front_Alpine_Brown_0fec6ed5-7886-42ea-b04a-1c36d43fd79c.png?v=1718703302,200,,Yes,Backpack,22,Side,3 years,1,3,12
YETI Crossroads 27L Backpack,0,Side access to main compartment,Toploader & Center Zip,2,9.4,No,No,3,20.3,https://www.yeti.com/collections/collections-featured/best-sellers/26010000281.html,External compartment,>10,No,Yes,TuffSkin Nylon,15,No,USA,No,https://yeti-webmedia.imgix.net/asset/fe8a2baf-e18c-4b05-9ed8-9e810397cfa7/W/site_studio_bags_Crossroads_Backpack_27L_Ultramarine_Violet_Hero_00049_Primary_B_2400x2400.png?bg=0fff&auto=format&w=846&h=846,230,,Yes,Backpack,27,Side,3 years,1,3.6,12.2
YETI Crossroads 35L Backpack,0,Side access to main compartment,Toploader & Center Zip,2,8.5,No,No,1,20.5,https://www.yeti.com/bags/backpacks/26010000282.html,External compartment,>10,No,Yes,TuffSkin Nylon,15,No,USA,No,https://d2kdpav8nq9x9e.cloudfront.net/14/3/images/catalog/i/l_22284-brown1.jpg,250,,Yes,Backpack,35,Side,3 years,1,3.7,13.4
YETI Ranchero 22L Backpack,1,,Toploader & Center Zip,2,9,No,No,1,18.5,https://www.yeti.com/bags/backpacks/ranchero-backpack-22.html,Internal sleeve,4,Yes,Yes,TuffSkin Nylon,15,No,USA,No,https://uk.yeti.com/cdn/shop/files/site_studio_bags_Ranchero_22L_Olive_3qter_110_Primary_B_2400x2400_10da81cb-39bb-41db-9f7c-fb927b553292.png?v=1740131547&width=1946,225,top,Yes,Backpack,22,Side,3 years,2,3.2,11
YETI Ranchero 27L Backpack,1,,Toploader & Center Zip,2,10,No,No,1,20,https://www.yeti.com/collections/collections-featured/best-sellers/26010000456.html,External compartment,4,Yes,Yes,TuffSkin Nylon,15,No,USA,No,https://uk.yeti.com/cdn/shop/files/site_studio_bags_Ranchero_27L_Olive_3QTER_073_Primary_B_2400x2400_94213be8-1b14-414e-803b-406a8cabbe18.png?v=1740131549&width=1946,275,top,Yes,Backpack,27,Side,3 years,2,3.8,11.5
YOMP Y-CO 1 BACKPACK,1,"Made for Rucking, Ruck plate pocket can be used for 16inch laptop",Clamshell,no,5.5,No,No,4,18,https://www.yomp.store/collections/rucking-backpacks/products/yomp-y-co-1-backpack-coyote,Internal sleeve,>10,No,No,1000D Cordura,16,No,UK,No,https://www.yomp.store/cdn/shop/products/yomp-y-co-1-backpack-coyote-902753.jpg?v=1698487170&width=800,170,front,Yes,Backpack,21,No,Lifetime,0,2.4,11.5
YOMP YCO-2 30L Backpack,2,"Damp Gear Pocket – A dedicated section within the main compartment for sweaty gym clothes, wet towels, or toiletries, keeping moisture away from the rest of your gear.",Clamshell,1,9,No,No,1,18.5,https://www.yomp.store/collections/travel-backpacks/products/yomp-y-co2-30l-backpack-shadow-black,External compartment,>10,No,No,1000D Cordura,16,Yes,UK,No,https://www.yomp.store/cdn/shop/files/yomp-yco-2-30l-backpack-545120.jpg?v=1742646893&width=973,240,top & front,Yes,Backpack,30,Side,Lifetime,2,4,11.5